Date,Female labour force participation rate,Female underemployment rate,Female unemployment rate,Male labour force participation rate,Male underemployment rate,Male unemployment rate,Total labour force participation rate,Total underemployment rate,Total unemployment rate,Female unemployment rate 1m lag,Female unemployment rate 3m lag,Female unemployment rate 6m lag,Male unemployment rate 1m lag,Male unemployment rate 3m lag,Male unemployment rate 6m lag,Total unemployment rate 1m lag,Total unemployment rate 3m lag,Total unemployment rate 6m lag,Imports from China,Imports from China YoY,Imports from Taiwan,Imports from Taiwan YoY,Imports from USA,Imports from USA YoY,Exports from China,Exports from China YoY,Exports from Taiwan,Exports from Taiwan YoY,Exports from USA,Exports from USA YoY,China CPI YoY,Centa-City Leading Index,HKDUSD,HKDCNY,Private demestic rental index,Private demestic price index,Hang Seng Index,HK best lending rate,Composite CPI total YoY,Federal funds effective rate,Federal funds effective rate 1m lag,Federal funds effective rate 3m lag,Federal funds effective rate 6m lag,Composite CPI total YoY 1m lag,Composite CPI total YoY 3m lag,Composite CPI total YoY 6m lag
1994/1/31,47.2,1.3,1.5,78.2,1.8,1.9,62.7,1.6,1.8,1.7,2.1,2.2,1.9,1.9,1.9,1.8,2,2,32754,33.5,7068,30.9,5469,11.5,26427,51.9,18102,25.4,2041,5.9,21.1,65.55,7.723,0.887632,104.9,107.7,11487,6.5,7.2,3.05,2.96,2.99,3.06,9,9,8.6
1994/2/28,47,1.4,1.2,77.7,1.7,2,62.4,1.6,1.7,1.5,2.1,2.2,1.9,1.9,1.8,1.8,2,2,26952,-1.2,6304,-15.7,6214,-3.7,21980,-20.4,15367,2,1974,-19.1,23.2,69.41,7.729,0.8883415,106,111.6,10410.2002,6.5,8.4,3.25,3.05,3.02,3.03,7.2,8.7,8.7
1994/3/31,46.8,1.4,1.6,77.4,1.9,2.1,62.1,1.7,1.9,1.2,1.7,2.1,2,1.9,1.7,1.7,1.8,1.9,33725,8.7,8642,10.1,6734,8.2,33399,22.6,16597,3.1,2396,1.2,22.4,74.31,7.728,0.887238,107.5,119.4,9029.900391,6.53,8.4,3.34,3.25,2.96,3.09,8.4,9,8.3
1994/4/30,46.6,1,1.5,77,1.8,2.1,61.7,1.5,1.9,1.6,1.5,2.1,2.1,1.9,1.9,1.9,1.8,2,36757,11.2,8771,4.7,6754,-4.3,31803,6.8,19967,9.2,2381,-3,21.7,72.15,7.725,0.889683,117.1,118.2,8966.099609,6.75,8.4,3.56,3.34,3.05,2.99,8.4,7.2,9
1994/5/31,46.5,1,1.7,76.9,1.9,2,61.7,1.5,1.9,1.5,1.2,2.1,2.1,2,1.9,1.9,1.7,2,38044,17.7,9848,22.5,7208,-9.1,32524,11.8,21253,8.5,2375,-3.8,21.3,70.77,7.726,0.892144,119.4,116,9553.599609,6.9,8.6,4.01,3.56,3.25,3.02,8.4,8.4,8.7
1994/6/30,46.9,0.8,1.4,77.2,1.6,1.7,62,1.3,1.6,1.7,1.6,1.7,2,2.1,1.9,1.9,1.9,1.8,40415,25,9316,17.9,9548,48.6,33640,16.5,24159,20,2330,12.9,22.6,69.46,7.729,0.893339,120.1,116.1,8758.400391,7.25,8.4,4.25,4.01,3.34,2.96,8.6,8.4,9
1994/7/31,47,0.9,1.7,77.4,1.4,1.7,62.1,1.2,1.7,1.4,1.5,1.5,1.7,2.1,1.9,1.6,1.9,1.8,41647,10.9,8924,3.8,7621,14.8,33351,5.8,26724,13.9,2267,-2.5,24,66.53,7.725,0.8963015,123.2,113.8,9482.799805,7.25,8.9,4.26,4.25,3.56,3.05,8.4,8.4,7.2
1994/8/31,46.6,0.9,2,77.1,1.2,1.9,61.8,1.1,1.9,1.7,1.7,1.2,1.7,2,2,1.7,1.9,1.7,45115,22,9040,12.9,7761,4.3,33419,16.6,28018,19.1,2230,-0.6,25.8,66.89,7.728,0.902612,123.8,117.7,9929.400391,7.41,9.8,4.47,4.26,4.01,3.25,8.9,8.6,8.4
1994/9/30,46.6,0.9,2.2,77.2,1.2,2.3,61.8,1.1,2.3,2,1.4,1.6,1.9,1.7,2.1,1.9,1.6,1.9,44871,20,9214,19.4,7591,28.6,34354,23.1,27155,13,2469,-0.7,27.3,66.12,7.727,0.9058825,123.5,116.3,9521.200195,7.75,9.2,4.73,4.47,4.25,3.34,9.8,8.4,8.4
1994/10/31,47.1,0.9,2.2,77.2,1.5,2.3,62.1,1.3,2.3,2.2,1.7,1.5,2.3,1.7,2.1,2.3,1.7,1.9,45193,20.3,9877,22.9,8405,29.5,34470,20,29141,18.3,2675,8.3,27.7,65.6,7.728,0.906293,124.4,116.8,9646.299805,7.75,9,4.76,4.73,4.26,3.56,9.2,8.9,8.4
1994/11/30,47.5,0.8,1.9,77.3,1.7,2.3,62.3,1.4,2.1,2.2,2,1.7,2.3,1.9,2,2.3,1.9,1.9,42855,19,10455,23.8,8331,34.9,35185,20,23287,12,2852,13.3,27.5,65.36,7.734,0.9086815,123.6,115.2,8466.299805,8,9.5,5.29,4.76,4.47,4.01,9,9.8,8.6
1994/12/31,47.3,0.9,1.5,77.2,2,2.1,62.1,1.5,1.9,1.9,2.2,1.4,2.3,2.3,1.7,2.1,2.3,1.6,42054,16.5,9852,21.4,7722,-0.7,33307,4.8,21734,5.8,2512,4.4,25.5,61.35,7.738,0.916258,123.9,110.1,8191,8.5,9.5,5.45,5.29,4.73,4.25,9.5,9.2,8.4
1995/1/31,47.3,0.9,1.5,76.9,2,2.3,62,1.6,2,1.5,2.2,1.7,2.1,2.3,1.7,1.9,2.3,1.7,41769,27.5,8547,20.9,7444,36.1,30437,15.2,22700,25.4,2641,29.4,24.1,58.27,7.735,0.9161745,122.7,110,7342.700195,8.5,10.3,5.53,5.45,4.76,4.26,9.5,9,8.9
1995/2/28,47.2,1,1.7,76.5,1.8,2.7,61.8,1.5,2.3,1.5,1.9,2,2.3,2.3,1.9,2,2.1,1.9,30822,14.4,8617,36.7,7634,22.8,29845,35.8,16731,8.9,2374,20.2,22.4,60.97,7.732,0.9169305,122.1,112.4,8327.5,8.91,9.4,5.92,5.53,5.29,4.47,10.3,9.5,9.8
1995/3/31,47.2,1,2.2,76.1,1.7,2.9,61.6,1.4,2.6,1.7,1.5,2.2,2.7,2.1,2.3,2.3,1.9,2.3,42758,26.8,11133,28.8,8870,31.7,37989,13.7,20084,21,2884,20.4,21.3,62.05,7.733,0.9176875,123.1,113.3,8587.700195,9,9.8,5.98,5.92,5.45,4.73,9.4,9.5,9.2
1995/4/30,47.1,1,2.2,76.2,1.8,3.2,61.5,1.5,2.8,2.2,1.5,2.2,2.9,2.3,2.3,2.6,2,2.3,41222,12.1,10787,23,9088,34.6,36361,14.3,21346,6.9,2767,16.2,20.7,61.4,7.742,0.919713,121.7,112.7,8361,9,9.8,6.05,5.98,5.53,4.76,9.8,10.3,9
1995/5/31,47.5,1.2,2.2,76.5,2.4,3,61.9,1.9,2.7,2.2,1.7,1.9,3.2,2.7,2.3,2.8,2.3,2.1,46202,21.4,12546,27.4,11670,61.9,41787,28.5,24790,16.6,3232,36.1,20.3,59.98,7.736,0.9298905,123,110.1,9407.400391,9,9.3,6.01,6.05,5.92,5.29,9.8,9.4,9.5
1995/6/30,47.8,1.1,2.5,76.8,2.8,3.2,62.2,2.1,2.9,2.2,2.2,1.5,3,2.9,2.1,2.7,2.6,1.9,46430,14.9,10859,16.6,9689,1.5,38768,15.2,25888,7.2,3103,33.2,18.2,57.21,7.738,0.93197,122.2,108.2,9206.5,9,9.4,6,6.01,5.98,5.45,9.3,9.8,9.5
1995/7/31,47.8,1,3.2,76.9,3.1,3.2,62.2,2.3,3.2,2.5,2.2,1.5,3.2,3.2,2.3,2.9,2.8,2,49379,18.6,11200,25.5,10905,43.1,38810,16.4,28968,8.4,3035,33.9,16.7,56.04,7.738,0.933275,121.5,106.4,9453.400391,9,9.2,5.85,6,6.05,5.53,9.4,9.8,10.3
1995/8/31,48,1,3.6,76.9,3.4,3.6,62.4,2.5,3.6,3.2,2.2,1.7,3.2,3,2.7,3.2,2.7,2.3,49546,9.8,10942,21,9872,27.2,37599,12.5,28585,2,3044,36.5,14.5,54.17,7.742,0.931449,120.7,105,9179.900391,9,9,5.74,5.85,6.01,5.92,9.2,9.3,9.4
1995/9/30,48,0.9,3.8,76.7,3.5,3.6,62.2,2.5,3.7,3.6,2.5,2.2,3.6,3.2,2.9,3.6,2.9,2.6,52119,16.2,10420,13.1,9686,27.6,38856,13.1,30355,11.8,3223,30.5,13.2,54.72,7.732,0.9292855,119.7,101.6,9646.299805,9,9.2,5.8,5.74,6,5.98,9,9.4,9.8
1995/10/31,48,1,3.5,76.8,3.2,3.9,62.3,2.3,3.7,3.8,3.2,2.2,3.6,3.2,3.2,3.7,3.2,2.8,48779,7.9,12278,24.3,10159,20.9,38776,12.5,28669,-1.6,3278,22.5,12.1,52.73,7.733,0.929804,118.3,100.8,9782.400391,9,8.8,5.76,5.8,5.85,6.05,9.2,9.2,9.8
1995/11/30,47.6,0.9,3.3,77,2.9,3.9,62.2,2.2,3.7,3.5,3.6,2.2,3.9,3.6,3,3.7,3.6,2.7,45296,5.7,10959,4.8,10012,20.2,37517,6.6,22194,-4.7,3173,11.3,11.2,55.39,7.736,0.930496,117.4,103.2,9813.299805,9,8.4,5.8,5.76,5.74,6.01,8.8,9,9.3
1995/12/31,47.3,1.1,3,76.7,3.1,3.8,61.9,2.3,3.5,3.3,3.8,2.5,3.9,3.6,3.2,3.7,3.7,2.9,45164,7.4,10979,11.4,10050,30.2,40856,22.7,21935,0.9,2976,18.4,10.1,56.65,7.732,0.9297175,115.7,103.9,10073.40039,8.96,7.2,5.6,5.8,5.8,6,8.4,9.2,9.4
1996/1/31,47.2,1.1,2.6,76.6,3.2,3.5,61.8,2.4,3.1,3,3.5,3.2,3.8,3.9,3.2,3.5,3.7,3.2,48030,15,11372,33.1,10031,34.7,42726,40.4,22059,-2.8,3248,23,9,59.08,7.732,0.9297175,116.2,105.2,11359.7002,8.75,6.5,5.56,5.6,5.76,5.85,7.2,8.8,9.2
1996/2/29,47.5,1,2.6,76.4,2.9,3.2,61.9,2.2,3,2.6,3.3,3.6,3.5,3.9,3.6,3.1,3.7,3.6,35191,14.2,6887,-20.1,7569,-0.8,25882,-13.3,18949,13.3,2191,-7.7,9.3,60.15,7.731,0.928337,116.9,108.5,11125.7002,8.53,6.9,5.22,5.56,5.8,5.74,6.5,8.4,9
1996/3/31,47.8,1,2.3,76.5,2.6,3.5,62,2,3,2.6,3,3.8,3.2,3.8,3.6,3,3.5,3.7,37341,-12.7,10346,-7.1,9853,11.1,38110,0.3,15954,-20.6,2576,-10.7,9.8,61.11,7.734,0.927992,116.6,112.8,10957.2002,8.5,7,5.31,5.22,5.6,5.8,6.9,7.2,9.2
1996/4/30,47.8,0.9,2.5,76.4,2.4,3.5,62,1.8,3.1,2.3,2.6,3.5,3.5,3.5,3.9,3,3.1,3.7,46208,12.1,11221,4,10491,15.4,42749,17.6,22562,5.7,2929,5.9,9.7,63.64,7.735,0.928595,116.5,112.1,10964.5,8.5,7,5.22,5.31,5.56,5.76,7,6.5,8.8
1996/5/31,47.8,1,2.3,76.2,2.4,3.5,61.9,1.9,3,2.5,2.6,3.3,3.5,3.2,3.9,3.1,3,3.7,48802,5.6,10835,-13.6,11358,-2.7,42490,1.7,23624,-4.7,2907,-10,8.9,63.63,7.738,0.9291995,118.1,113.5,11264.7002,8.5,6.5,5.24,5.22,5.22,5.8,7,6.9,8.4
1996/6/30,47.9,0.9,2.4,75.8,2.3,3.2,61.8,1.8,2.9,2.3,2.3,3,3.5,3.5,3.8,3,3,3.5,45381,-2.3,9578,-11.8,10571,9.1,36431,-6,24606,-5,2425,-21.9,8.6,66.6,7.74,0.930063,117.4,115,11020.90039,8.5,6.4,5.27,5.24,5.31,5.6,6.5,7,7.2
1996/7/31,47.8,0.8,2.3,75.5,2.1,3.2,61.5,1.6,2.8,2.4,2.5,2.6,3.2,3.5,3.5,2.9,3.1,3.1,54035,9.4,11003,-1.8,9701,-11,43167,11.2,31074,7.3,2713,-10.6,8.3,64.55,7.734,0.930193,119.7,114.6,10681.40039,8.5,6.2,5.4,5.27,5.22,5.56,6.4,7,6.5
1996/8/31,47.6,0.7,2.4,75.3,1.9,3,61.3,1.4,2.8,2.3,2.3,2.6,3.2,3.5,3.2,2.8,3,3,54025,9,10076,-7.9,10813,9.5,39695,5.6,29914,4.6,2546,-16.4,8.1,64.88,7.7325,0.9308425,119.1,117.4,11159,8.5,5.4,5.22,5.4,5.24,5.22,6.2,6.5,6.9
1996/9/30,47.6,0.7,2.3,75.1,1.8,2.8,61.3,1.3,2.6,2.4,2.4,2.3,3,3.2,3.5,2.8,2.9,3,53116,1.9,9906,-4.9,9333,-3.6,38220,-1.6,31604,4.1,2886,-10.4,7.4,67.53,7.7325,0.931536,121.2,118.2,11902.40039,8.5,5.6,5.3,5.22,5.27,5.31,5.4,6.4,7
1996/10/31,47.6,0.8,2.3,75.2,1.9,2.7,61.3,1.4,2.6,2.3,2.3,2.5,2.8,3.2,3.5,2.6,2.8,3.1,53420,9.5,10729,-12.6,11449,12.7,43769,12.9,28873,0.7,3044,-7.2,7,70.4,7.7315,0.9315795,121.4,123.1,12477.59961,8.5,5.7,5.24,5.3,5.4,5.22,5.6,6.2,7
1996/11/30,47.8,0.8,2.3,75.3,1.9,2.9,61.4,1.5,2.7,2.3,2.4,2.3,2.7,3,3.5,2.6,2.8,3,48303,6.6,10488,-4.3,10179,1.7,42054,12.1,23873,7.6,3051,-3.8,6.9,74.73,7.7325,0.9314925,121.8,128,13393.90039,8.5,5.9,5.31,5.24,5.22,5.24,5.7,5.4,6.5
1996/12/31,47.8,0.9,2.3,75.4,2,2.7,61.5,1.5,2.6,2.3,2.3,2.4,2.9,2.8,3.2,2.7,2.6,2.9,46612,3.2,10759,-2,9709,-3.4,44078,7.9,23124,5.4,2827,-5,7,78.87,7.7355,0.9329265,122.7,134.5,13451.5,8.5,6.6,5.29,5.31,5.3,5.27,5.9,5.6,6.4
1997/1/31,47.8,0.7,2.1,75.7,1.7,2.5,61.6,1.3,2.3,2.3,2.3,2.3,2.7,2.7,3.2,2.6,2.6,2.8,51054,6.3,9962,-12.4,10369,3.4,41830,-2.1,23471,6.4,3186,-1.9,5.9,83.68,7.751,0.9343,127.4,142.7,13321.7998,8.5,6.3,5.25,5.29,5.24,5.4,6.6,5.7,6.2
1997/2/28,47.8,0.7,1.9,75.3,1.4,2.3,61.4,1.1,2.2,2.1,2.3,2.4,2.5,2.9,3,2.3,2.7,2.8,33473,-4.9,7444,8.1,8870,17.2,28572,10.4,18090,-4.5,2207,0.7,5.6,87.29,7.7435,0.93358,127.9,154.3,13398.7002,8.5,6.3,5.19,5.25,5.31,5.22,6.3,5.9,5.4
1997/3/31,47.7,0.7,1.9,75.3,1.3,2.4,61.3,1.1,2.2,1.9,2.3,2.3,2.3,2.7,2.8,2.2,2.6,2.6,44740,19.8,10141,-2,10209,3.6,37950,-0.4,20712,29.8,2936,14,4,96.09,7.7495,0.934103,128.7,162.2,12534.2998,8.54,5.9,5.39,5.19,5.29,5.3,6.3,6.6,5.6
1997/4/30,47.8,0.7,1.9,75.1,1.4,2.5,61.3,1.2,2.3,1.9,2.1,2.3,2.4,2.5,2.7,2.2,2.3,2.6,49426,7,10590,-5.6,10941,4.3,45175,5.7,24049,6.6,3399,16,3.2,89.3,7.7455,0.933841,132,157,12903.2998,8.75,5.6,5.51,5.39,5.25,5.24,5.9,6.3,5.7
1997/5/31,47.5,0.7,1.9,75.1,1.6,2.4,61.1,1.2,2.2,1.9,1.9,2.3,2.5,2.3,2.9,2.3,2.2,2.7,50571,3.6,10935,0.9,10679,-6,43533,2.5,24231,2.6,2885,-0.8,2.8,97.55,7.7475,0.934238,133.7,172.3,14757.7998,8.75,5.8,5.5,5.51,5.19,5.31,5.6,6.3,5.9
1997/6/30,47.5,0.7,1.9,74.9,1.5,2.3,61.1,1.2,2.1,1.9,1.9,2.3,2.4,2.4,2.7,2.2,2.2,2.6,48502,6.9,9989,4.3,10242,-3.1,41702,14.5,27388,11.3,2769,14.2,2.8,103.82,7.7465,0.9344525,135.2,172,15196.7998,8.75,5.6,5.56,5.5,5.39,5.29,5.8,5.9,6.6
1997/7/31,47.1,0.6,2,74.7,1.5,2.3,60.8,1.2,2.2,1.9,1.9,2.1,2.3,2.5,2.5,2.1,2.3,2.3,57991,7.3,11696,6.3,11518,18.7,47212,9.4,30693,-1.2,3314,22.1,2.7,96.54,7.7445,0.934103,138.8,167.2,16365.7002,8.75,6.4,5.52,5.56,5.51,5.25,5.6,5.6,6.3
1997/8/31,47.3,0.6,2.2,74.7,1.5,2.3,60.8,1.1,2.2,2,1.9,1.9,2.3,2.4,2.3,2.2,2.2,2.2,56195,4,10427,3.5,10152,-6.1,41363,4.2,30754,2.8,3056,20,1.9,97.98,7.7425,0.9348495,139.2,171.1,14135.2002,8.75,6.3,5.54,5.52,5.5,5.19,6.4,5.8,6.3
1997/9/30,47.3,0.6,2.1,74.7,1.3,2.2,60.9,1,2.2,2.2,1.9,1.9,2.3,2.3,2.4,2.2,2.1,2.2,54626,2.8,10101,2,9948,6.6,40473,5.9,31540,-0.2,2916,1,1.8,99.31,7.7375,0.9340155,138.7,170.3,15049.2998,8.75,5.6,5.54,5.54,5.56,5.39,6.3,5.6,5.9
1997/10/31,48.1,0.6,2.3,75,1.3,2.3,61.4,1,2.3,2.1,2,1.9,2.2,2.3,2.5,2.2,2.2,2.3,59270,11,11791,9.9,11635,1.6,48801,11.5,33369,15.6,3481,14.4,1.5,101.8,7.732,0.9332315,139.3,172.9,10623.7998,8.94,5.7,5.5,5.54,5.52,5.51,5.6,6.4,5.6
1997/11/30,48.8,0.7,2.2,75.2,1.4,2.3,61.8,1.1,2.3,2.3,2.2,1.9,2.3,2.3,2.4,2.3,2.2,2.2,50179,3.9,10659,1.6,10073,-1,43943,4.5,26638,11.6,3367,10.4,1.1,87.11,7.7295,0.9335845,137.6,160.5,10526.90039,9.5,5.4,5.52,5.5,5.54,5.5,5.7,6.3,5.8
1997/12/31,49.2,0.8,2.2,75.3,1.6,2.3,62.1,1.3,2.3,2.2,2.1,1.9,2.3,2.2,2.3,2.3,2.2,2.1,52383,12.4,10813,0.5,10749,10.7,47188,7.1,25572,10.6,3097,9.5,0.4,85.85,7.7455,0.935939,135.3,155,10722.7998,9.5,5.2,5.5,5.52,5.54,5.56,5.4,5.6,5.6
1998/1/31,49,0.9,2,75.1,1.8,2.3,61.8,1.5,2.2,2.2,2.3,2,2.3,2.3,2.3,2.3,2.3,2.2,46965,-8,8182,-17.9,8999,-13.2,36729,-12.2,26387,12.4,2757,-13.5,0.3,69.77,7.7315,0.9355055,130.7,143.7,9252.400391,9.98,5.4,5.56,5.5,5.5,5.52,5.2,5.7,6.4
1998/2/28,48.5,1,2.3,74.9,2,2.9,61.5,1.6,2.7,2,2.2,2.2,2.3,2.3,2.3,2.2,2.3,2.2,34631,3.5,7912,6.3,8872,0,35307,23.6,16688,-7.7,2887,30.8,-0.1,74.89,7.7405,0.935024,123.9,136.6,11480.7002,10.25,4.7,5.51,5.56,5.52,5.54,5.4,5.4,6.3
1998/3/31,48,1.2,2.7,74.6,2.4,3.6,61.1,1.9,3.3,2.3,2.2,2.1,2.9,2.3,2.2,2.7,2.3,2.2,45485,1.7,9371,-7.6,8815,-13.7,38664,1.9,23322,12.6,3321,13.1,0.7,71.52,7.7485,0.935764,118.7,138.7,11518.7002,10.23,4.8,5.49,5.51,5.5,5.54,4.7,5.2,5.6
1998/4/30,47.9,1.3,3,74.5,2.7,4.2,61,2.2,3.7,2.7,2,2.3,3.6,2.3,2.3,3.3,2.2,2.3,49395,-0.1,9649,-8.9,9589,-12.4,44255,-2,24158,0.5,2968,-12.7,-0.3,68.95,7.7465,0.9354135,119.2,134.3,10383.67969,10,4.7,5.45,5.49,5.56,5.5,4.8,5.4,5.7
1998/5/31,47.8,1.3,3.2,74.4,3.4,4.4,60.9,2.5,3.9,3,2.3,2.2,4.2,2.9,2.3,3.7,2.7,2.3,48662,-3.8,9730,-11,10162,-4.8,41132,-5.5,26188,8.1,2781,-3.6,-1,59.86,7.7485,0.935851,118.7,127.6,8934.55957,10,4.5,5.49,5.45,5.51,5.52,4.7,4.7,5.4
1998/6/30,48.2,1.3,3.7,74.4,3.4,4.7,61.1,2.5,4.3,3.2,2.7,2.2,4.4,3.6,2.3,3.9,3.3,2.3,49836,2.8,8431,-15.6,9608,-6.2,41032,-1.6,28865,5.4,2647,-4.4,-1.3,55.23,7.744,0.93572,115.2,112.5,8543.099609,10,4,5.56,5.49,5.49,5.5,4.5,4.8,5.2
1998/7/31,48.3,1.3,4.2,74.6,3.5,5.2,61.2,2.6,4.8,3.7,3,2,4.7,4.2,2.3,4.3,3.7,2.2,53349,-8,8569,-26.7,8348,-27.5,40371,-14.5,28933,-5.7,2586,-21.9,-1.4,53.62,7.747,0.935895,109.9,108,7936.200195,10,3.2,5.54,5.56,5.45,5.56,4,4.7,5.4
1998/8/31,48.7,1.4,4.7,74.8,3.3,5.5,61.5,2.5,5.2,4.2,3.2,2.3,5.2,4.4,2.9,4.8,3.9,2.7,52949,-5.8,8553,-18,7618,-25,37195,-10.1,31469,2.3,2717,-11.1,-1.4,51.13,7.7425,0.9358935,106.9,104.5,7275.040039,10,2.7,5.55,5.54,5.49,5.51,3.2,4.5,4.7
1998/9/30,48.7,1.4,4.8,74.6,3.4,5.7,61.4,2.6,5.3,4.7,3.7,2.7,5.5,4.7,3.6,5.2,4.3,3.3,52127,-4.6,8213,-18.7,8941,-10.1,35603,-12,29426,-6.7,2895,-0.7,-1.5,47.86,7.745,0.935981,103.9,98.5,7883.459961,10,2.5,5.51,5.55,5.56,5.49,2.7,4,4.8
1998/10/31,48.8,1.4,4.9,74.6,3.5,6.1,61.4,2.7,5.6,4.8,4.2,3,5.7,5.2,4.2,5.3,4.8,3.7,51951,-12.3,8353,-29.2,9249,-20.5,37567,-23,31345,-6.1,2690,-22.7,-1.1,50.17,7.744,0.9359845,102.4,95.6,10154.94043,9.9,0.1,5.07,5.51,5.54,5.45,2.5,3.2,4.7
1998/11/30,48.8,1.6,4.7,74.4,3.7,6.3,61.3,2.9,5.7,4.9,4.7,3.2,6.1,5.5,4.4,5.6,5.2,3.9,46709,-6.9,8615,-19.2,7966,-20.9,37890,-13.8,25707,-3.5,2825,-16.1,-1.2,54.65,7.741,0.935368,100.5,100.3,10402.32031,9.68,-0.7,4.83,5.07,5.55,5.49,0.1,2.7,4.5
1998/12/31,49,1.6,4.8,74.5,3.8,6.6,61.5,2.9,5.9,4.7,4.8,3.7,6.3,5.7,4.7,5.7,5.3,4.3,48648,-7.1,8562,-20.8,8430,-21.6,37749,-20,22262,-12.9,2806,-9.4,-1,55.04,7.746,0.935806,101,104.6,10048.58008,9.21,-1.6,4.68,4.83,5.51,5.56,-0.7,2.5,4
1999/1/31,49.2,1.8,4.8,74.4,4,6.6,61.5,3.1,5.9,4.8,4.9,4.2,6.6,6.1,5.2,5.9,5.6,4.8,46798,-0.4,8418,2.9,7901,-12.2,36115,-1.7,23729,-10.1,2887,4.7,-1.2,56.05,7.746,0.9361595,102,103.8,9506.900391,8.83,-1.1,4.63,4.68,5.07,5.54,-1.6,0.1,3.2
1999/2/28,48.7,1.6,4.7,74.2,3.8,6.8,61.2,2.9,6,4.8,4.7,4.7,6.6,6.3,5.5,5.9,5.7,5.2,32654,-5.7,5287,-33.2,6337,-28.6,22630,-35.9,18933,13.4,1968,-31.8,-1.3,55.02,7.748,0.935809,101,102,9858.490234,8.75,-1.7,4.76,4.63,4.83,5.55,-1.1,-0.7,2.7
1999/3/31,48.8,1.7,4.6,74.1,3.8,7.3,61.2,3,6.2,4.7,4.8,4.8,6.8,6.6,5.7,6,5.9,5.3,43123,-5.2,7953,-15.1,7906,-10.3,36027,-6.8,20170,-13.5,2681,-19.3,-1.8,55.58,7.749,0.9358935,100.9,101.7,10942.2002,8.75,-2.6,4.81,4.76,4.68,5.51,-1.7,-1.6,2.5
1999/4/30,49,1.7,4.6,74.2,3.5,7.4,61.3,2.8,6.3,4.6,4.8,4.9,7.3,6.6,6.1,6.2,5.9,5.6,47606,-3.6,8666,-10.2,8618,-10.1,38441,-13.1,23759,-1.7,2739,-7.7,-2.2,57.22,7.748,0.9361565,100.6,102,13333.2002,8.59,-3.8,4.74,4.81,4.63,5.07,-2.6,-1.1,0.1
1999/5/31,49.4,1.8,4.5,74.3,3.7,7.4,61.6,2.9,6.2,4.6,4.7,4.7,7.4,6.8,6.3,6.3,6,5.7,47620,-2.1,8049,-17.3,7063,-30.5,36709,-10.8,26672,1.8,2712,-2.5,-2.2,56.43,7.753,0.93677,100.5,102.9,12147.12012,8.27,-4,4.74,4.74,4.76,4.83,-3.8,-1.7,-0.7
1999/6/30,49.4,1.7,4.6,74.2,3.6,7.1,61.6,2.8,6.1,4.5,4.6,4.8,7.4,7.3,6.6,6.2,6.2,5.9,51570,3.5,8141,-3.4,8262,-14,37303,-9.1,27108,-6.1,2439,-7.8,-2.1,56.45,7.756,0.9375,100.5,102.3,13532.13965,8.25,-4.1,4.76,4.74,4.81,4.68,-4,-2.6,-1.6
1999/7/31,49.3,1.7,4.7,74.4,3.7,7.3,61.6,2.9,6.2,4.6,4.6,4.8,7.1,7.4,6.6,6.1,6.3,5.9,56795,6.5,9156,6.8,8745,4.8,40233,-0.3,30187,4.3,2959,14.4,-1.4,55.03,7.76,0.9385,100.7,101.6,13186.86035,8.25,-5.5,4.99,4.76,4.74,4.63,-4.1,-3.8,-1.1
1999/8/31,49.2,1.9,5.1,74.2,3.6,7.3,61.4,2.9,6.4,4.7,4.5,4.7,7.3,7.4,6.8,6.2,6.2,6,57073,7.8,8610,0.7,8097,6.3,39151,5.3,32657,3.8,2577,-5.2,-1.3,53.12,7.763,0.939,100.2,100.5,13482.76953,8.27,-6.1,5.07,4.99,4.74,4.76,-5.5,-4,-1.7
1999/9/30,48.9,2.1,5.2,74,3.8,7.3,61.2,3.1,6.5,5.1,4.6,4.6,7.3,7.1,7.3,6.4,6.1,6.2,56126,7.7,8462,3,9464,5.8,38807,9,30608,4,2845,-1.7,-0.8,52.1,7.766,0.9385,99.8,97.1,12733.24023,8.5,-6,5.22,5.07,4.76,4.81,-6.1,-4.1,-2.6
1999/10/31,49.3,2.1,5.5,73.7,3.8,7.2,61.2,3.1,6.5,5.2,4.7,4.6,7.3,7.3,7.4,6.5,6.2,6.3,56616,9,9158,9.6,8705,-5.9,40738,8.4,31242,-0.3,2982,10.9,-0.6,51,7.768,0.9385,99.2,95.8,13256.9502,8.5,-4.2,5.2,5.22,4.99,4.74,-6,-5.5,-3.8
1999/11/30,49.5,2.1,5.4,73.8,3.7,7.2,61.3,3,6.5,5.5,5.1,4.5,7.2,7.3,7.4,6.5,6.4,6.2,55491,18.8,9261,7.5,8722,9.5,41889,10.6,28848,12.2,3008,6.5,-0.9,51.98,7.771,0.939,97.4,94.3,15377.19043,8.5,-4.2,5.42,5.2,5.07,4.74,-4.2,-6.1,-4
1999/12/31,49.6,2,5.2,73.6,3.4,7,61.3,2.8,6.2,5.4,5.2,4.6,7.2,7.3,7.1,6.5,6.5,6.1,56311,15.8,9428,10.1,8812,4.5,41891,11,27509,23.6,3247,15.7,-1,53.86,7.771,0.938,97.1,95.7,16962.09961,8.5,-4,5.3,5.42,5.22,4.76,-4.2,-6,-4.1
2000/1/31,49.3,2,4.7,73.5,3.2,6.6,61.1,2.7,5.8,5.2,5.5,4.7,7,7.2,7.3,6.2,6.5,6.2,55828,19.3,8928,6.1,8362,5.8,40375,11.8,28057,18.2,3266,13.2,-0.2,53.3,7.781,0.9405,98,97.5,15532.33984,8.5,-5.3,5.45,5.3,5.2,4.99,-4,-4.2,-5.5
2000/2/29,49.1,2,4.7,73.3,2.9,6.4,60.9,2.6,5.7,4.7,5.4,5.1,6.6,7.2,7.3,5.8,6.5,6.4,37385,14.5,7466,41.2,7891,24.5,30795,36.1,20826,10,2632,33.7,0.7,55.32,7.782,0.94,97.6,97.5,17169.43945,8.64,-5.1,5.73,5.45,5.42,5.07,-5.3,-4.2,-6.1
2000/3/31,49.5,2.2,4.6,73.3,3.2,6.1,61.1,2.8,5.5,4.7,5.2,5.2,6.4,7,7.3,5.7,6.2,6.5,56037,29.9,10325,29.8,9373,18.6,43343,20.3,26111,29.5,3367,25.6,-0.2,54.16,7.786,0.941,98.1,95.3,17406.53906,8.79,-5,5.85,5.73,5.3,5.22,-5.1,-4,-6
2000/4/30,49.8,2.4,4.6,73.4,3.4,5.9,61.2,3,5.4,4.6,4.7,5.5,6.1,6.6,7.2,5.5,5.8,6.5,55818,17.2,10758,24.1,9591,11.3,45689,18.9,26557,11.8,3377,23.3,-0.3,51.62,7.787,0.941,98.9,93.9,15519.2998,9,-4.4,6.02,5.85,5.45,5.2,-5,-5.3,-4.2
2000/5/31,50,2.3,4.3,73.4,3.8,5.5,61.4,3.2,5,4.6,4.7,5.4,5.9,6.4,7.2,5.4,5.7,6.5,59846,25.7,11085,37.7,9240,30.8,48007,30.8,30931,16,3353,23.6,0.1,49.13,7.792,0.9425,98.5,90.3,14713.86035,9.16,-4.5,6.27,6.02,5.73,5.42,-4.4,-5.1,-4.2
2000/6/30,49.9,2.1,4.2,73.6,3.8,5.6,61.4,3.1,5,4.3,4.6,5.2,5.5,6.1,7,5,5.5,6.2,58409,13.3,9890,21.5,8419,1.9,44243,18.6,30558,12.7,3186,30.6,0.5,46.97,7.794,0.9425,97.7,86,16155.78027,9.5,-4.5,6.53,6.27,5.85,5.3,-4.5,-5,-4
2000/7/31,49.8,1.8,4.3,73.7,3.8,5.6,61.4,3,5.1,4.2,4.6,4.7,5.6,5.9,6.6,5,5.4,5.8,61405,8.1,10990,20,9436,7.9,46179,14.8,32439,7.5,3440,16.3,0.5,48.15,7.797,0.9425,97.3,86.6,16840.98047,9.5,-3.2,6.54,6.53,6.02,5.45,-4.5,-4.4,-5.3
2000/8/31,49.9,1.7,4.4,73.7,3.6,5.6,61.5,2.8,5.1,4.3,4.3,4.7,5.6,5.5,6.4,5.1,5,5.7,69759,22.2,11300,31.2,9271,14.5,49115,25.5,36748,12.5,3316,28.7,0.3,48.88,7.798,0.9425,97.8,87.2,17097.50977,9.5,-2.7,6.5,6.54,6.27,5.73,-3.2,-4.5,-5.1
2000/9/30,50.1,1.6,4.3,73.8,3.3,5.4,61.6,2.6,4.9,4.4,4.2,4.6,5.6,5.6,6.1,5.1,5,5.5,71802,27.9,11512,36.1,10820,14.3,49809,28.4,37176,21.5,3670,29,0,48.8,7.796,0.943,98.4,88.2,15648.98047,9.5,-2.6,6.52,6.5,6.53,5.85,-2.7,-4.5,-5
2000/10/31,49.9,1.6,4,73.6,3.2,5.4,61.4,2.5,4.8,4.3,4.3,4.6,5.4,5.6,5.9,4.9,5.1,5.4,68495,21,11868,29.6,10808,24.1,51709,26.9,38546,23.4,3823,28.2,0,48.1,7.798,0.943,98.5,87,14895.33984,9.5,-3.1,6.51,6.52,6.54,6.02,-2.6,-3.2,-4.4
2000/11/30,49.8,1.6,3.6,73.6,3.3,5.3,61.4,2.6,4.6,4,4.4,4.3,5.4,5.6,5.5,4.8,5.1,5,60817,9.6,10103,9.1,9247,6,47579,13.6,30314,5.1,3129,4,1.3,46.39,7.799,0.9425,98.5,83.7,13984.38965,9.5,-2.3,6.51,6.51,6.5,6.27,-3.1,-2.7,-4.5
2000/12/31,50,1.5,3.2,73.6,3.4,5.2,61.4,2.6,4.4,3.6,4.3,4.2,5.3,5.4,5.6,4.6,4.9,5,59724,6.1,10244,8.6,10472,18.8,46586,11.2,28038,1.9,3273,0.8,1.5,44.41,7.796,0.943,98,81.8,15095.53027,9.5,-2.1,6.4,6.51,6.52,6.53,-2.3,-2.6,-4.5
2001/1/31,50.2,1.5,3.2,73.6,3.4,4.9,61.5,2.6,4.2,3.2,4,4.3,5.2,5.4,5.6,4.4,4.8,5.1,53904,-3.4,7616,-14.7,8217,-1.7,37290,-7.6,28966,3.2,2682,-17.9,1.2,43.54,7.798,0.943,97.6,80.7,16102.34961,9.11,-1.5,5.98,6.4,6.51,6.54,-2.1,-3.1,-3.2
2001/2/28,50.3,1.4,3.1,73.5,3.1,5.2,61.5,2.4,4.3,3.2,3.6,4.4,4.9,5.3,5.6,4.2,4.6,5.1,46693,24.9,9184,23,8548,8.3,41166,33.7,20630,-0.9,2934,11.5,0,45.92,7.799,0.943,97.8,80.2,14787.87012,8.57,-2.4,5.49,5.98,6.51,6.5,-1.5,-2.3,-2.7
2001/3/31,50.3,1.4,3.1,73.1,2.9,5.3,61.4,2.3,4.4,3.1,3.2,4.3,5.2,5.2,5.4,4.3,4.4,4.9,56215,0.3,9380,-9.2,9582,2.2,45083,4,24579,-5.9,3196,-5.1,0.8,44.4,7.797,0.943,97.7,82.1,12760.63965,8.4,-1.9,5.31,5.49,6.4,6.52,-2.4,-2.1,-2.6
2001/4/30,50.5,1.4,3.1,73.1,2.7,5.5,61.4,2.2,4.5,3.1,3.2,4,5.3,4.9,5.4,4.4,4.2,4.8,53947,-3.4,10085,-6.2,10053,4.8,46872,2.6,25051,-5.7,3331,-1.4,1.6,44.48,7.798,0.943,97.5,82.2,13386.04004,7.87,-1.4,4.8,5.31,5.98,6.51,-1.9,-1.5,-3.1
2001/5/31,50.7,1.5,3.2,73,2.8,5.4,61.5,2.3,4.5,3.1,3.1,3.6,5.5,5.2,5.3,4.5,4.3,4.6,57070,-4.6,10430,-5.9,8874,-4,49678,3.5,28195,-8.8,3226,-3.8,1.7,44.06,7.798,0.943,97,80.5,13174.41016,7.32,-1.5,4.21,4.8,5.49,6.51,-1.4,-2.4,-2.3
2001/6/30,50.6,1.6,3.4,72.8,2.7,5.3,61.3,2.2,4.5,3.2,3.1,3.2,5.4,5.3,5.2,4.5,4.4,4.4,53918,-7.7,8417,-14.9,8890,5.6,43324,-2.1,26069,-14.7,2399,-24.7,1.4,43.38,7.797,0.943,96.3,80.9,13042.53027,7,-1.1,3.97,4.21,5.31,6.4,-1.5,-1.9,-2.1
2001/7/31,50.7,1.5,3.6,72.8,2.7,5.5,61.4,2.2,4.7,3.4,3.1,3.2,5.3,5.5,4.9,4.5,4.5,4.2,60875,-0.9,9313,-15.3,9047,-4.1,50428,9.2,30663,-5.5,2664,-22.6,1.5,42.87,7.798,0.943,95.8,80.2,12316.69043,6.77,-0.9,3.77,3.97,4.8,5.98,-1.1,-1.4,-1.5
2001/8/31,50.8,1.5,4,72.8,2.7,5.8,61.5,2.2,5,3.6,3.2,3.1,5.5,5.4,5.2,4.7,4.5,4.3,63334,-9.2,9010,-20.3,9539,2.9,48765,-0.7,31427,-14.5,2785,-16,1,42.03,7.8,0.943,95.6,78.5,11090.48047,6.69,-1.1,3.65,3.77,4.21,5.49,-0.9,-1.5,-2.4
2001/9/30,50.7,1.7,4.1,73.2,3,6.3,61.6,2.4,5.4,4,3.4,3.1,5.8,5.3,5.3,5,4.5,4.4,63689,-11.3,9591,-16.7,9122,-15.7,49800,0,31848,-14.3,2845,-22.5,-0.1,40.65,7.799,0.943,94.8,77.2,9950.700195,6.3,-1.2,3.07,3.65,3.97,5.31,-1.1,-1.1,-1.9
2001/10/31,51,1.8,4.4,73,3.3,6.6,61.6,2.6,5.6,4.1,3.6,3.1,6.3,5.5,5.5,5.4,4.7,4.5,61664,-10,9040,-23.8,7916,-26.8,46696,-9.7,32465,-15.8,3259,-14.8,0.2,40.36,7.8,0.943,93.4,74.1,10073.96973,5.55,-1.2,2.49,3.07,3.77,4.8,-1.2,-0.9,-1.4
2001/11/30,50.8,1.9,4.5,73,3.5,7,61.5,2.8,5.9,4.4,4,3.2,6.6,5.8,5.4,5.6,5,4.5,56116,-7.7,8025,-20.6,7118,-23,44605,-6.2,25433,-16.1,3036,-3,-0.3,39.81,7.798,0.943,91.3,73.6,11279.25,5.31,-1.4,2.09,2.49,3.65,4.21,-1.2,-1.1,-1.5
2001/12/31,51.1,2.1,4.8,72.8,3.7,7.1,61.6,3,6.1,4.5,4.1,3.4,7,6.3,5.3,5.9,5.4,4.5,55139,-7.7,8195,-20,8177,-21.9,42948,-7.8,24810,-11.5,3031,-7.4,-0.3,40.66,7.797,0.943,89.5,73.8,11397.20996,5.17,-3.6,1.82,2.09,3.07,3.97,-1.4,-1.2,-1.1
2002/1/31,51.2,2.3,4.8,72.7,3.9,7.4,61.6,3.2,6.3,4.8,4.4,3.6,7.1,6.6,5.5,6.1,5.6,4.7,50793,-5.8,7554,-0.8,6662,-18.9,40661,9,21549,-25.6,2735,2,-1,40.31,7.8,0.943,88.3,74.1,10725.2998,5.13,-3.5,1.73,1.82,2.49,3.77,-3.6,-1.2,-0.9
2002/2/28,51.5,2.2,5.1,72.5,3.8,7.7,61.6,3.1,6.6,4.8,4.5,4,7.4,7,5.8,6.3,5.9,5,40276,-13.7,7006,-23.7,6140,-28.2,34726,-15.6,18798,-8.9,2227,-24.1,0,40.66,7.8,0.945,87.4,73.9,10482.5498,5.13,-2.3,1.74,1.73,2.09,3.65,-3.5,-1.4,-1.1
2002/3/31,51.5,2.3,5.3,72.4,3.8,8.1,61.6,3.1,6.9,5.1,4.8,4.1,7.7,7.1,6.3,6.6,6.1,5.4,56416,0.4,10091,7.6,8163,-14.8,51472,14.2,22755,-7.4,2961,-7.4,-0.8,41.21,7.799,0.945,86.5,73.3,11032.91992,5.13,-2.2,1.73,1.74,1.82,3.07,-2.3,-3.6,-1.2
2002/4/30,51.2,2.2,5.6,72.3,3.6,8.2,61.3,3,7.1,5.3,4.8,4.4,8.1,7.4,6.6,6.9,6.3,5.6,56683,5.1,9803,-2.8,7322,-27.2,50153,7,25955,3.6,2801,-15.9,-1.3,40.78,7.799,0.945,86,72.3,11497.58008,5.13,-3.1,1.75,1.73,1.73,2.49,-2.2,-3.5,-1.2
2002/5/31,51.1,2.2,5.7,72.3,3.7,8.4,61.3,3.1,7.3,5.6,5.1,4.5,8.2,7.7,7,7.1,6.6,5.9,57851,1.4,9996,-4.2,7882,-11.2,51379,3.4,26331,-6.6,2983,-7.5,-1.1,39.98,7.799,0.945,84.6,72.4,11301.94043,5.13,-3.1,1.75,1.75,1.74,2.09,-3.1,-2.3,-1.4
2002/6/30,51.3,1.9,6.1,72.3,3.6,8.7,61.4,2.9,7.6,5.7,5.3,4.8,8.4,8.1,7.1,7.3,6.9,6.1,57706,7,9261,10,7770,-12.6,49489,14.2,27908,7.1,2565,6.9,-0.8,39.51,7.798,0.945,83.9,71.9,10598.5498,5.13,-3.3,1.75,1.75,1.73,1.82,-3.1,-2.2,-3.6
2002/7/31,52,1.9,6.4,72.9,3.4,8.9,62,2.8,7.8,6.1,5.6,4.8,8.7,8.2,7.4,7.6,7.1,6.3,67352,10.6,10869,16.7,8157,-9.8,56597,12.2,33348,8.8,3251,22,-0.9,38.94,7.799,0.945,83.2,70.9,10267.36035,5.13,-3.4,1.73,1.75,1.75,1.73,-3.3,-3.1,-3.5
2002/8/31,52.3,1.9,6.6,72.9,3.6,8.7,62.2,2.9,7.8,6.4,5.7,5.1,8.9,8.4,7.7,7.8,7.3,6.6,66426,4.9,10120,12.3,7958,-16.6,54648,12.1,31746,1,2987,7.3,-0.7,37.79,7.799,0.945,82.7,68.3,10043.87012,5.13,-3.3,1.74,1.73,1.75,1.74,-3.4,-3.1,-2.3
2002/9/30,52.3,2,6.5,73,3.5,8.5,62.2,2.9,7.6,6.6,6.1,5.3,8.7,8.7,8.1,7.8,7.6,6.9,68572,7.7,10473,9.2,8097,-11.2,56841,14.1,34790,9.2,2959,4,-0.7,36.94,7.8,0.945,81.4,66.7,9072.209961,5.13,-3.7,1.75,1.74,1.75,1.73,-3.3,-3.3,-2.2
2002/10/31,52.5,2.2,6.2,72.6,3.7,8.3,62.2,3,7.4,6.5,6.4,5.6,8.5,8.9,8.2,7.6,7.8,7.1,69703,13,10923,20.8,7536,-4.8,57449,23,33751,4,3112,-4.5,-0.8,36.18,7.799,0.945,80,65.4,9441.25,5.13,-3.6,1.75,1.75,1.73,1.75,-3.7,-3.4,-3.1
2002/11/30,52.5,2.1,6.2,72.6,3.6,8,62.1,3,7.2,6.2,6.6,5.7,8.3,8.7,8.4,7.4,7.8,7.3,64205,14.4,10216,27.3,8092,13.7,55587,24.6,29637,16.5,2909,-4.2,-0.7,35.95,7.798,0.945,79.1,65.1,10069.87012,5.03,-3.6,1.34,1.75,1.74,1.75,-3.6,-3.3,-3.1
2002/12/31,52.6,2.2,5.9,72.2,3.8,8.2,62,3.1,7.2,6.2,6.5,6.1,8,8.5,8.7,7.2,7.6,7.6,61763,12,10067,22.8,7883,-3.6,55113,28.3,26638,7.4,3123,3,-0.4,35.83,7.798,0.945,77.8,64.8,9321.290039,5,-1.5,1.24,1.34,1.75,1.75,-3.6,-3.7,-3.3
2003/1/31,52.5,2.2,5.5,72.1,3.7,8.1,61.9,3,7,5.9,6.2,6.4,8.2,8.3,8.9,7.2,7.4,7.8,62414,22.9,8999,19.1,6802,2.1,54388,33.8,25726,19.4,3727,36.3,0.4,35.66,7.798,0.945,77.3,63.6,9258.950195,5,-1.6,1.24,1.24,1.75,1.73,-1.5,-3.6,-3.4
2003/2/28,52.2,2.1,5.4,72,3.4,8.7,61.7,2.8,7.3,5.5,6.2,6.6,8.1,8,8.7,7,7.2,7.8,42573,5.7,7940,13.3,7120,16,44983,29.5,17351,-7.7,2591,16.4,0.2,35.49,7.8,0.945,76.4,63.4,9122.660156,5,-2,1.26,1.24,1.34,1.74,-1.6,-3.6,-3.3
2003/3/31,52,2.2,5.7,72,3.4,8.7,61.6,2.8,7.4,5.4,5.9,6.5,8.7,8.2,8.5,7.3,7.2,7.6,63902,13.3,10777,6.8,8292,1.6,62090,20.6,24739,8.7,3580,20.9,0.9,33.55,7.798,0.945,76,61.2,8634.450195,5,-2.1,1.25,1.26,1.24,1.75,-2,-1.5,-3.7
2003/4/30,51.8,2.6,6,72,3.7,9.2,61.5,3.2,7.8,5.7,5.5,6.2,8.7,8.1,8.3,7.4,7,7.4,61299,8.1,9796,-0.1,7508,2.5,60031,19.7,23545,-9.3,3362,20,1,33.25,7.799,0.945,75.3,60.5,8717.219727,5,-1.8,1.26,1.25,1.24,1.75,-2.1,-1.6,-3.6
2003/5/31,51.7,3,6.4,72.2,4.5,9.6,61.5,3.8,8.2,6,5.4,6.2,9.2,8.7,8,7.8,7.3,7.2,64509,11.5,10356,3.6,8274,5,61642,20,25773,-2.1,3223,8.1,0.7,32.52,7.797,0.945,73.5,59.7,9487.379883,5,-2.5,1.26,1.26,1.26,1.34,-1.8,-2,-3.6
2003/6/30,51.8,3.2,6.5,72.1,5.1,10.1,61.5,4.3,8.5,6.4,5.7,5.9,9.6,8.7,8.2,8.2,7.4,7.2,64416,11.6,10033,8.3,7886,1.5,60662,22.6,26964,-3.4,3181,24,0.3,32.67,7.797,0.945,72.3,59.3,9577.120117,5,-3.1,1.22,1.26,1.25,1.24,-2.5,-2.1,-1.5
2003/7/31,51.8,3,7.1,72.2,5.1,10.2,61.5,4.2,8.8,6.5,6,5.5,10.1,9.2,8.1,8.5,7.8,7,72001,6.9,10838,-0.3,8187,0.4,67113,18.6,30300,-9.1,3916,20.5,0.5,32.14,7.798,0.945,72.2,58.4,10134.83008,5,-4,1.01,1.22,1.26,1.24,-3.1,-1.8,-1.6
2003/8/31,51.9,2.9,7.2,72.3,4.9,10.1,61.6,4,8.8,7.1,6.4,5.4,10.2,9.6,8.7,8.8,8.2,7.3,70447,6.1,10347,2.2,8085,1.6,62796,14.9,30743,-3.2,3141,5.1,0.9,32.39,7.798,0.945,72.1,58.6,10908.99023,5,-3.8,1.03,1.01,1.26,1.26,-4,-2.5,-2
2003/9/30,51.5,2.7,6.9,72.2,4.3,9.8,61.4,3.6,8.5,7.2,6.5,5.7,10.1,10.1,8.7,8.8,8.5,7.4,72659,6,11213,7.1,8149,0.6,65873,15.9,31944,-8.2,3536,19.5,1.1,33.26,7.743,0.945,71.3,60.9,11229.87012,5,-3.2,1.01,1.03,1.22,1.25,-3.8,-3.1,-2.1
2003/10/31,51.4,2.7,6.4,72,4,9.4,61.2,3.4,8.1,6.9,7.1,6,9.8,10.2,9.2,8.5,8.8,7.8,73246,5.1,12187,11.6,9181,21.8,69826,21.5,32320,-4.2,4249,36.5,1.8,35.17,7.763,0.945,71.7,63.4,12190.09961,5,-2.7,1.01,1.01,1.01,1.26,-3.2,-4,-1.8
2003/11/30,51.5,2.8,6,71.8,3.7,8.8,61.2,3.3,7.6,6.4,7.2,6.4,9.4,10.1,9.6,8.1,8.8,8.2,68329,6.4,11583,13.4,10620,31.2,65705,18.2,28196,-4.9,3905,34.2,3,36.43,7.762,0.945,72.3,64.3,12317.46973,5,-2.4,1,1.01,1.03,1.26,-2.7,-3.8,-2.5
2003/12/31,51.6,2.8,5.8,71.8,3.6,8.3,61.2,3.3,7.2,6,6.9,6.5,8.8,9.8,10.1,7.6,8.5,8.5,72578,17.5,11541,14.6,8840,12.1,68234,23.8,27042,1.5,3911,25.2,3.2,37.07,7.763,0.9375,72.6,65.4,12575.94043,5,-1.9,0.98,1,1.01,1.22,-2.4,-3.2,-3.1
2004/1/31,51.5,2.9,5.6,71.6,3.6,8.1,61.1,3.3,7,5.8,6.4,7.1,8.3,9.4,10.2,7.2,8.1,8.8,58717,-5.9,9644,7.2,7140,5,53965,-0.8,23896,-7.1,3360,-9.9,3.2,38.41,7.774,0.9335,73.9,69.5,13289.37012,5,-1.5,1,0.98,1.01,1.01,-1.9,-2.7,-4
2004/2/29,51.7,2.6,5.4,71.6,3.7,8.2,61.2,3.2,7,5.6,6,7.2,8.1,8.8,10.1,7,7.6,8.8,60035,41,11086,39.6,10025,40.8,61352,36.4,20068,15.7,3907,50.8,2.1,43.07,7.781,0.94095,74.4,73.2,13907.03027,5,-2,1.01,1,1,1.03,-1.5,-2.4,-3.8
2004/3/31,51.8,2.6,5.5,71.7,3.9,8.4,61.3,3.3,7.1,5.4,5.8,6.9,8.2,8.3,9.8,7,7.2,8.5,73652,15.3,13446,24.8,9284,12,71975,15.9,26282,6.2,4619,29,3,45.37,7.794,0.9423,76,78.1,12681.66992,5,-2.1,1,1.01,0.98,1.01,-2,-1.9,-3.2
2004/4/30,51.7,2.6,5.6,71.7,4,8.2,61.2,3.4,7.1,5.5,5.6,6.4,8.4,8.1,9.4,7.1,7,8.1,72778,18.7,13481,37.6,9809,30.6,74373,23.9,24557,4.3,4174,24.2,3.8,46.46,7.799,0.9429,77,79.4,11942.95996,5,-1.5,1,1,1,1.01,-2.1,-1.5,-2.7
2004/5/31,51.7,2.7,5.7,71.7,4,7.9,61.2,3.4,6.9,5.6,5.4,6,8.2,8.2,8.8,7.1,7,7.6,72780,12.8,13829,33.5,8900,7.6,72901,18.3,28167,9.3,4277,32.7,4.4,46.51,7.793,0.9422,77.3,77.5,12198.24023,5,-0.9,1,1,1.01,1,-1.5,-2,-2.4
2004/6/30,51.8,2.7,5.5,71.8,4,7.8,61.3,3.4,6.8,5.7,5.5,5.8,7.9,8.4,8.3,6.9,7.1,7.2,78626,22.1,12421,23.8,9063,14.9,75412,24.3,28415,5.4,3725,17.1,5,46.81,7.8,0.94305,78,74.7,12285.75,5,-0.1,1.03,1,1,0.98,-0.9,-2.1,-1.9
2004/7/31,52,2.6,5.8,71.9,4,8,61.5,3.4,7,5.5,5.6,5.6,7.8,8.2,8.1,6.8,7.1,7,84176,16.9,13594,25.4,9820,19.9,81578,21.6,31499,4,4246,8.4,5.3,46.48,7.799,0.9429,77.9,74.9,12238.03027,5,0.9,1.26,1.03,1,1,-0.1,-1.5,-1.5
2004/8/31,52,2.6,5.8,72,3.9,7.9,61.5,3.3,7,5.8,5.7,5.4,8,7.9,8.2,7,6.9,7,83700,18.8,13478,30.3,9352,15.7,79880,27.2,33369,8.5,3916,24.7,5.3,45.71,7.8,0.943,78.4,77.6,12850.28027,5,0.8,1.43,1.26,1,1.01,0.9,-0.9,-2
2004/9/30,51.9,2.4,5.9,71.7,3.7,7.9,61.3,3.2,7,5.8,5.5,5.5,7.9,7.8,8.4,7,6.8,7.1,85520,17.7,13454,20,8701,6.8,79251,20.3,32030,0.3,3936,11.3,5.2,46.52,7.7985,0.94285,79.4,80.9,13120.03027,5.03,0.7,1.61,1.43,1.03,1,0.8,-0.1,-2.1
2004/10/31,52.2,2.4,5.6,71.5,3.7,7.6,61.4,3.1,6.7,5.9,5.8,5.6,7.9,8,8.2,7,7,7.1,85310,16.5,13861,13.7,10564,15.1,81458,16.7,36002,11.4,4484,5.6,4.3,48.23,7.7795,0.94055,79.5,84.1,13054.66016,5.13,0.2,1.76,1.61,1.26,1,0.7,0.9,-1.5
2004/11/30,52.3,2.4,5.7,71.4,3.7,7.4,61.4,3.1,6.6,5.6,5.8,5.7,7.6,7.9,7.9,6.7,7,6.9,81470,19.2,12684,9.5,9559,-10,78488,19.5,30618,8.6,4187,7.2,2.8,49.53,7.7765,0.9402,80.5,82.7,14060.0498,5.05,0.2,1.93,1.76,1.43,1,0.2,0.8,-0.9
2004/12/31,52.3,2.5,5.6,71.4,3.5,6.9,61.4,3.1,6.3,5.7,5.9,5.5,7.4,7.9,7.8,6.6,7,6.8,82704,14,13286,15.1,9993,13.1,78696,15.3,26876,-0.6,4290,9.7,2.4,49.78,7.7735,0.93995,80.6,83.3,14230.13965,5,0.2,2.16,1.93,1.61,1.03,0.2,0.7,-0.1
2005/1/31,52.3,2.4,5.2,71.2,3.6,6.6,61.3,3.1,6,5.6,5.6,5.8,6.9,7.6,8,6.3,6.7,7,84591,44.1,13427,39.2,9716,36.1,79092,46.6,29230,22.3,4336,29.1,1.9,49.82,7.7995,0.94275,81.9,85.7,13721.69043,5,-0.5,2.28,2.16,1.76,1.26,0.2,0.2,0.9
2005/2/28,52.1,2.4,4.8,70.9,3.4,6.7,61,2.9,5.8,5.2,5.7,5.8,6.6,7.4,7.9,6,6.6,7,55271,-7.9,9449,-14.8,8981,-10.4,53026,-13.6,20219,0.8,3085,-21,3.9,50.98,7.7985,0.94275,82.3,89.4,14195.34961,5,0.8,2.5,2.28,1.93,1.43,-0.5,0.2,0.8
2005/3/31,52.1,2.3,4.7,71,3.7,6.8,61.1,3,5.9,4.8,5.6,5.9,6.7,6.9,7.9,5.8,6.3,7,79306,7.7,12342,-8.2,9256,-0.3,77682,7.9,24722,-5.9,4080,-11.7,2.7,53.97,7.7995,0.94275,83.3,94.6,13516.87988,5.09,0.8,2.63,2.5,2.16,1.61,0.8,0.2,0.7
2005/4/30,51.9,2.3,4.4,70.9,3.5,7,60.9,3,5.9,4.7,5.2,5.6,6.8,6.6,7.6,5.9,6,6.7,81054,11.4,12525,-7.1,10589,8,78679,5.8,26172,6.6,3921,-6.1,1.8,55.33,7.7915,0.9437,84.6,95.4,13908.96973,5.25,0.5,2.79,2.63,2.28,1.76,0.8,-0.5,0.2
2005/5/31,51.8,2.2,4.4,71.1,3.6,6.8,60.9,3,5.7,4.4,4.8,5.7,7,6.7,7.4,5.9,5.8,6.6,86216,18.5,14817,7.1,11099,24.7,89506,22.8,30709,9,4594,7.4,1.8,55.61,7.7785,0.9416,85.7,95.3,13867.07031,5.4,0.8,3,2.79,2.5,1.93,0.5,0.8,0.2
2005/6/30,51.9,1.9,4.4,71,3.5,6.8,60.9,2.8,5.7,4.4,4.7,5.6,6.8,6.8,6.9,5.7,5.9,6.3,89035,13.2,13823,11.3,9841,8.6,87130,15.5,30143,6.1,4168,11.9,1.6,56.07,7.7715,0.9404,86.3,92.9,14201.05957,5.75,1.2,3.04,3,2.63,2.16,0.8,0.8,0.2
2005/7/31,52,1.9,4.8,71.2,3.5,7,61.1,2.7,6,4.4,4.4,5.2,6.8,7,6.6,5.7,5.9,6,92014,9.3,13257,-2.5,10348,5.4,87014,6.7,33660,6.9,4119,-3,1.8,55.59,7.773,0.95905,87.5,92.8,14880.98047,6.27,1.3,3.26,3.04,2.79,2.28,1.2,0.5,-0.5
2005/8/31,52.2,1.9,4.9,71.3,3.3,6.9,61.3,2.7,6,4.8,4.4,4.8,7,6.8,6.7,6,5.7,5.8,99797,19.2,15293,13.5,10091,7.9,92996,16.4,35177,5.4,4553,16.3,1.3,55.24,7.7715,0.96075,87.8,93.9,14903.5498,6.67,1.4,3.5,3.26,3,2.5,1.3,0.8,0.8
2005/9/30,51.9,2,4.7,71.3,3.1,6.5,61.1,2.6,5.7,4.9,4.4,4.7,6.9,6.8,6.8,6,5.7,5.9,100423,17.4,15398,14.4,10183,17,94843,19.7,35700,11.5,4260,8.2,0.9,55.99,7.7575,0.9595,89.5,94,15428.51953,6.82,1.6,3.62,3.5,3.04,2.63,1.4,1.2,0.8
2005/10/31,51.8,1.9,4.4,71.4,3,6.1,61,2.5,5.4,4.7,4.8,4.4,6.5,7,7,5.7,6,5.9,96184,12.7,16214,17,10346,-2.1,92776,13.9,37821,5.1,4633,3.3,1.2,54.6,7.7515,0.95875,89.9,91.8,14386.37012,7,1.3,3.78,3.62,3.26,2.79,1.6,1.3,0.5
2005/11/30,51.7,1.8,4.2,71.1,2.9,6.1,60.8,2.4,5.3,4.4,4.9,4.4,6.1,6.9,6.8,5.4,6,5.7,93657,15,16398,29.3,9266,-3.1,92983,18.5,29626,-3.2,4393,4.9,1.3,53.31,7.7535,0.95875,90,88.5,14937.13965,7.47,1.2,4,3.78,3.5,3,1.3,1.4,0.8
2005/12/31,51.8,1.8,3.9,71,3,5.9,60.9,2.4,5,4.2,4.7,4.4,6.1,6.5,6.8,5.3,5.7,5.7,92805,12.2,15557,17.1,9766,-2.3,87311,10.9,27614,2.7,4339,1.1,1.6,52.93,7.7525,0.96005,89.7,90.1,14876.42969,7.64,1.3,4.16,4,3.62,3.04,1.2,1.6,1.2
2006/1/31,51.8,1.6,3.6,70.9,2.9,5.8,60.8,2.3,4.8,3.9,4.4,4.8,5.9,6.1,7,5,5.4,6,86861,2.7,13519,0.7,8978,-7.6,80184,1.4,30644,4.8,4370,0.8,1.9,53.65,7.7555,0.96045,89.1,90.8,15753.13965,7.75,1.9,4.29,4.16,3.78,3.26,1.3,1.3,1.3
2006/2/28,51.8,1.5,3.5,70.8,2.9,6,60.8,2.3,4.9,3.6,4.2,4.9,5.8,6.1,6.9,4.8,5.3,6,72583,31.3,12714,34.6,8874,-1.2,76509,44.3,19527,-3.4,3557,15.3,0.9,53.57,7.7585,0.96085,89.4,91.1,15918.48047,7.75,1.2,4.49,4.29,4,3.5,1.9,1.2,1.4
2006/3/31,52.2,1.4,3.6,71.1,3,6.1,61.1,2.3,5,3.5,3.9,4.7,6,5.9,6.5,4.9,5,5.7,96685,21.9,15813,28.1,10103,9.2,91717,18.1,26833,8.5,4073,-0.2,0.8,54.07,7.7595,0.96595,89.3,92.6,15805.04004,7.77,1.6,4.59,4.49,4.16,3.62,1.2,1.3,1.6
2006/4/30,52.1,1.6,3.7,70.9,2.9,6.1,61,2.3,5,3.6,3.6,4.4,6.1,5.8,6.1,5,4.8,5.4,92996,14.7,15929,27.2,9497,-10.3,90588,15.1,27236,4.1,3919,-0.1,1.2,54.13,7.7515,0.96775,91.1,93.4,16661.30078,8,1.9,4.79,4.59,4.29,3.78,1.6,1.9,1.3
2006/5/31,52.3,1.8,3.7,70.7,3.2,5.7,61,2.6,4.8,3.7,3.5,4.2,6.1,6,6.1,5,4.9,5.3,92163,6.9,16248,9.7,10104,-9,91135,1.8,29619,-3.5,3885,-15.4,1.4,53.82,7.7575,0.96755,91,94,15857.88965,8,2.1,4.94,4.79,4.49,4,1.9,1.2,1.2
2006/6/30,52.3,1.8,3.9,70.4,3.3,5.9,60.8,2.6,5,3.7,3.6,3.9,5.7,6.1,5.9,4.8,5,5,99197,11.4,15655,13.3,10292,4.6,95157,9.2,30158,0,3944,-5.4,1.5,53.4,7.7665,0.96975,90.7,92.3,16267.62012,8,2.2,4.99,4.94,4.59,4.16,2.1,1.6,1.3
2006/7/31,52.9,1.7,4.3,70.8,3.2,5.9,61.3,2.5,5.2,3.9,3.7,3.6,5.9,6.1,5.8,5,5,4.8,103125,12.1,16740,26.3,11349,9.7,100505,15.5,35661,5.9,4501,9.3,1,53.74,7.7725,0.97435,91.6,91.9,16971.33984,8,2.3,5.24,4.99,4.79,4.29,2.2,1.9,1.9
2006/8/31,53,1.6,4.4,71.3,3.1,5.9,61.6,2.4,5.2,4.3,3.7,3.5,5.9,5.7,6,5.2,4.8,4.9,109181,9.4,18143,18.6,10787,6.9,107745,15.9,34296,-2.5,4669,2.5,1.3,53.17,7.7765,0.97635,91.9,93,17392.26953,8,2.5,5.25,5.24,4.94,4.49,2.3,2.1,1.2
2006/9/30,53.2,1.6,4.2,71.2,2.9,5.5,61.7,2.3,4.9,4.4,3.9,3.6,5.9,5.9,6.1,5.2,5,5,111559,11.1,17854,15.9,9935,-2.4,103475,9.1,35375,-0.9,4890,14.8,1.5,52.22,7.7875,0.9859,93,93.3,17543.05078,8,2.1,5.25,5.25,4.99,4.59,2.5,2.2,1.6
2006/10/31,53,1.7,3.8,71.1,3.1,5.3,61.5,2.4,4.6,4.2,4.3,3.7,5.5,5.9,6.1,4.9,5.2,5,107843,12.1,17504,8,10871,5.1,105922,14.2,39306,3.9,4908,5.9,1.4,53.8,7.7765,0.98635,93.5,93.1,18324.34961,8,2,5.25,5.25,5.24,4.79,2.1,2.3,1.9
2006/11/30,53,1.7,3.4,71.1,3.1,5.2,61.5,2.5,4.4,3.8,4.4,3.7,5.3,5.9,5.7,4.6,5.2,4.8,111639,19.2,17767,8.3,11264,21.6,110272,18.6,32931,11.2,4569,4,1.9,53.04,7.7755,0.9933,94.3,93,18960.48047,7.8,2.2,5.25,5.25,5.25,4.94,2,2.5,2.1
2006/12/31,52.9,1.6,3.3,71.1,3.1,5.1,61.5,2.4,4.2,3.4,4.2,3.9,5.2,5.5,5.9,4.4,4.9,5,109866,18.4,16344,5.1,11566,18.4,103211,18.2,29774,7.8,4803,10.7,2.8,53.93,7.7745,0.99545,94.7,93.8,19964.7207,7.75,2.3,5.24,5.25,5.25,4.99,2.2,2.1,2.2
2007/1/31,53.2,1.4,3.3,70.9,3.1,4.8,61.5,2.3,4.1,3.3,3.8,4.3,5.1,5.3,5.9,4.2,4.6,5.2,98463,13.4,13799,2.1,12240,36.3,97933,22.2,29445,-3.9,4623,5.8,2.2,52.93,7.8065,1.0074,95.4,95.2,20106.41992,7.75,2,5.25,5.24,5.25,5.24,2.3,2,2.3
2007/2/28,53.1,1.4,3.3,70.6,2.9,4.7,61.3,2.2,4.1,3.3,3.4,4.4,4.8,5.2,5.9,4.1,4.4,5.2,79083,9,11904,-6.4,8793,-0.9,76258,-0.3,24682,26.4,3340,-6.1,2.7,54.03,7.8115,1.0125,95.6,96.6,19651.50977,7.75,0.8,5.26,5.25,5.25,5.25,2,2.2,2.5
2007/3/31,52.8,1.5,3.4,70.6,2.8,4.9,61.1,2.2,4.2,3.3,3.3,4.2,4.7,5.1,5.5,4.1,4.2,4.9,104934,8.5,16509,4.4,11485,13.7,107132,16.8,24380,-9.1,4481,10,3.3,55.03,7.8105,1.0123,96.9,97.9,19800.92969,7.75,2.4,5.26,5.26,5.24,5.25,0.8,2.3,2.1
2007/4/30,52.6,1.4,3.5,70.7,2.7,5,61.1,2.1,4.3,3.4,3.3,3.8,4.9,4.8,5.3,4.2,4.1,4.6,109342,17.6,16270,2.1,10958,15.4,104106,14.9,29359,7.8,4169,6.4,3,55.39,7.8215,1.0158,98.4,98.7,20318.98047,7.75,1.3,5.25,5.26,5.25,5.25,2.4,2,2
2007/5/31,52.9,1.4,3.6,70.5,2.8,5,61.2,2.2,4.3,3.5,3.3,3.4,5,4.7,5.2,4.3,4.1,4.4,106515,15.6,17596,8.3,10821,7.1,106377,16.7,28868,-2.5,4618,18.8,3.4,55.21,7.8095,1.02595,99.9,100.5,20634.4707,7.75,1.2,5.25,5.25,5.26,5.25,1.3,0.8,2.2
2007/6/30,53.2,1.4,3.6,70.3,3,4.9,61.2,2.2,4.3,3.6,3.4,3.3,5,4.9,5.1,4.3,4.2,4.2,115519,16.5,17118,9.4,11926,15.9,110458,16.1,29977,-0.6,4288,8.7,4.4,56.71,7.8125,1.0296,100.5,101.6,21772.73047,7.75,1.3,5.25,5.25,5.26,5.24,1.2,2.4,2.3
2007/7/31,53.4,1.4,3.7,70.5,3,5,61.4,2.3,4.4,3.6,3.5,3.3,4.9,5,4.8,4.3,4.3,4.1,113865,10.4,17804,6.4,11154,-1.7,113913,13.3,34744,-2.6,4714,4.7,5.6,56.98,7.8245,1.03855,102.5,102.8,23184.93945,7.75,1.5,5.26,5.25,5.25,5.25,1.3,1.3,2
2007/8/31,53.8,1.5,3.9,70.6,3,5.1,61.7,2.3,4.6,3.7,3.6,3.3,5,5,4.7,4.4,4.3,4.1,119223,9.2,19596,8,11681,8.3,120377,11.7,33362,-2.7,4440,-4.9,6.5,57.3,7.7985,1.0377,103.8,104,23984.14063,7.75,1.6,5.02,5.26,5.25,5.26,1.5,1.2,0.8
2007/9/30,53.4,1.5,3.6,70.6,2.9,4.9,61.5,2.2,4.3,3.9,3.6,3.4,5.1,4.9,4.9,4.6,4.3,4.2,118886,6.6,19097,7,11941,20.2,117297,13.4,34656,-2,4336,-11.3,6.2,58.23,7.7665,1.04055,104.7,105.3,27142.4707,7.66,1.6,4.94,5.02,5.25,5.26,1.6,1.3,2.4
2007/10/31,53,1.4,3.4,70.2,3,4.5,61.1,2.3,4,3.6,3.7,3.5,4.9,5,5,4.3,4.4,4.3,120454,11.7,19262,10,11615,6.8,122314,15.5,37114,-5.6,4570,-6.9,6.5,59.36,7.7505,1.04045,106.2,108.5,31352.58008,7.5,3.2,4.76,4.94,5.26,5.25,1.6,1.5,1.3
2007/11/30,52.8,1.2,3,70,3,4,60.9,2.2,3.5,3.4,3.9,3.6,4.5,5.1,5,4,4.6,4.3,123930,11,18505,4.2,12646,12.3,120731,9.5,31824,-3.4,4865,6.5,6.9,63.33,7.7885,1.0595,108,113.3,28643.60938,7.1,3.4,4.49,4.76,5.02,5.25,3.2,1.6,1.2
2007/12/31,53,1.2,2.9,70.3,2.8,3.6,61.1,2.1,3.3,3,3.6,3.6,4,4.9,4.9,3.5,4.3,4.3,120359,9.6,17878,9.4,13712,18.6,111909,8.4,30105,1.1,4554,-5.2,6.5,66.98,7.8015,1.07355,110,117.9,27812.65039,6.85,3.8,4.24,4.49,4.94,5.25,3.4,1.6,1.3
2008/1/31,53.3,1.2,2.6,70.2,2.8,3.5,61.2,2,3.1,2.9,3.4,3.7,3.6,4.5,5,3.3,4,4.4,116820,18.6,17364,25.8,12898,5.4,117874,20.4,29216,-0.8,4680,1.2,7.1,70.59,7.8005,1.0912,112.6,123.2,23455.74023,6.56,3.2,3.94,4.24,4.76,5.26,3.8,3.2,1.5
2008/2/29,53.1,1.1,2.5,70,2.6,3.6,61,1.9,3.1,2.6,3,3.9,3.5,4,5.1,3.1,3.5,4.6,83393,5.4,12400,4.2,10060,14.4,86925,14,21598,-12.5,3504,4.9,8.7,73.28,7.7815,1.1018,115.3,125.5,24331.66992,5.75,6.3,2.98,3.94,4.49,5.02,3.2,3.4,1.6
2008/3/31,53.1,1.2,2.7,69.7,2.6,3.8,60.9,1.9,3.2,2.5,2.9,3.6,3.6,3.6,4.9,3.1,3.3,4.3,110980,5.8,16602,0.6,12070,5.1,107766,0.6,26941,10.5,4676,4.4,8.3,72.89,7.7855,1.11655,118.3,126.4,22849.19922,5.56,4.2,2.61,2.98,4.24,4.94,6.3,3.8,1.6
2008/4/30,53.1,1.1,2.8,69.7,2.4,3.8,60.9,1.8,3.3,2.7,2.6,3.4,3.8,3.5,4.5,3.2,3.1,4,118117,8,17745,9.1,12798,16.8,122233,17.4,28820,-1.8,4858,16.5,8.5,71.46,7.7945,1.12155,118.1,124.7,25755.34961,5.25,5.4,2.28,2.61,3.94,4.76,4.2,3.2,3.2
2008/5/31,53.1,1.1,2.9,69.6,2.5,3.7,60.8,1.8,3.3,2.8,2.5,3,3.8,3.6,4,3.3,3.1,3.5,118283,11,17740,0.8,14237,31.6,119859,12.7,28205,-2.3,4533,-1.8,7.7,72.67,7.8025,1.1296,120.9,126.4,24533.11914,5.25,5.7,1.98,2.28,2.98,4.49,5.4,6.3,3.4
2008/6/30,53,1,2.8,69.5,2.6,3.8,60.7,1.9,3.3,2.9,2.7,2.9,3.7,3.8,3.6,3.3,3.2,3.3,112424,-2.7,15674,-8.4,12883,8,103632,-6.2,29945,-0.1,4608,7.5,7.1,73.38,7.8005,1.1424,121.5,126.6,22102.00977,5.25,6.1,2,1.98,2.61,4.24,5.7,4.2,3.8
2008/7/31,53.1,1,3,69.6,2.7,3.8,60.8,1.9,3.4,2.8,2.8,2.6,3.8,3.8,3.5,3.3,3.3,3.1,134256,17.9,17972,0.9,12743,14.2,128776,13,34394,-1,4924,4.4,6.3,71.55,7.8035,1.14775,121.7,124.9,22731.09961,5.25,6.3,2.01,2,2.28,3.94,6.1,5.4,3.2
2008/8/31,53.3,1,3,69.8,2.7,4,61,1.9,3.5,3,2.9,2.5,3.8,3.7,3.6,3.4,3.3,3.1,125584,5.3,17339,-11.5,14137,21,120348,0,31824,-4.6,4681,5.4,4.9,69.94,7.8035,1.1427,121.1,122.9,21261.89063,5.25,4.6,2,2.01,1.98,2.98,6.3,5.7,6.3
2008/9/30,53.2,1,3.1,69.8,2.5,4.1,60.9,1.8,3.7,3,2.8,2.7,4,3.8,3.8,3.5,3.3,3.2,127949,7.6,15896,-16.8,13423,12.4,115885,-1.2,37238,7.5,4511,4,4.6,67.52,7.7655,1.13495,118.8,121.9,18016.21094,5.25,3,1.81,2,2,2.61,4.6,6.1,4.2
2008/10/31,52.9,0.9,3.1,69.7,2.4,4,60.8,1.7,3.6,3.1,3,2.8,4.1,3.8,3.8,3.7,3.4,3.3,139774,16,19168,-0.5,13025,12.1,139407,14,36043,-2.9,5133,12.3,4,63.45,7.7515,1.1321,114.9,114.3,13968.66992,5.25,1.8,0.97,1.81,2.01,2.28,3,6.3,5.4
2008/11/30,52.8,1,3.2,69.5,2.5,4.3,60.6,1.8,3.7,3.1,3,2.9,4,4,3.7,3.6,3.5,3.3,115622,-6.7,13466,-27.2,11748,-7.1,109922,-9,30005,-5.7,4765,-2,2.4,56.92,7.7495,1.12755,106.8,104.9,13888.24023,5.08,3.1,0.39,0.97,2,1.98,1.8,4.6,5.7
2008/12/31,53.2,1,3.2,69.5,2.6,4.4,60.8,1.9,3.9,3.2,3.1,2.8,4.3,4.1,3.8,3.7,3.7,3.3,108703,-9.7,10944,-38.8,10888,-20.6,98333,-12.1,25640,-14.8,4142,-9,1.2,56.78,7.7505,1.12815,98.2,104.8,14387.48047,5,2.1,0.16,0.39,1.81,2,3.1,3,6.1
2009/1/31,53.2,1.3,3.4,69.7,2.8,5.1,60.9,2.1,4.3,3.2,3.1,3,4.4,4,3.8,3.9,3.6,3.4,90457,-22.6,9286,-46.5,10840,-16,77215,-34.5,27171,-7,2966,-36.6,1,58.38,7.7515,1.127,95.4,107.1,13278.20996,5,3.1,0.15,0.16,0.97,2.01,2.1,1.8,6.3
2009/2/28,53.5,1.3,3.6,69.6,2.7,5.7,61,2,4.7,3.4,3.2,3,5.1,4.3,4,4.3,3.7,3.5,73430,-11.9,9935,-19.9,8756,-13,74705,-14.1,13679,-36.7,2758,-21.3,-1.6,58.62,7.7535,1.1265,94.2,107.8,12811.57031,5,0.8,0.22,0.15,0.39,2,3.1,3.1,4.6
2009/3/31,53.7,1.4,4.1,69.5,2.8,6,61.1,2.1,5.1,3.6,3.2,3.1,5.7,4.4,4.1,4.7,3.9,3.7,88162,-20.6,12384,-25.4,11971,-0.8,87116,-19.2,20668,-23.3,3752,-19.8,-1.2,60.2,7.7505,1.1262,93.2,109.2,13576.01953,5,1.2,0.18,0.22,0.16,1.81,0.8,2.1,3
2009/4/30,53.6,1.3,4.3,69.4,2.8,6.3,61,2.1,5.4,4.1,3.4,3.1,6,5.1,4,5.1,4.3,3.6,98834,-16.3,14298,-19.4,12167,-4.9,106990,-12.5,21689,-24.7,4139,-14.8,-1.5,62.83,7.7505,1.1359,93.9,113.4,15520.99023,5,0.6,0.15,0.18,0.15,0.97,1.2,3.1,1.8
2009/5/31,53.7,1.3,4.5,69.7,3.2,6.2,61.2,2.3,5.4,4.3,3.6,3.2,6.3,5.7,4.3,5.4,4.7,3.7,98988,-16.3,14306,-19.4,11930,-16.2,106940,-10.8,23779,-15.7,4601,1.5,-1.4,65.49,7.7505,1.1393,95.7,116.7,18171,5,0,0.18,0.15,0.22,0.39,0.6,0.8,3.1
2009/6/30,53.5,1.3,4.5,69.7,3.2,6.4,61,2.3,5.5,4.5,4.1,3.2,6.2,6,4.4,5.4,5.1,3.9,105856,-5.8,14962,-4.5,12062,-6.4,113273,9.3,22844,-23.7,4455,-3.3,-1.7,68.42,7.7505,1.1368,98.6,121.1,18378.73047,5,-0.9,0.21,0.18,0.18,0.16,0,1.2,2.1
2009/7/31,53.7,1.4,4.8,69.8,3.2,6.6,61.1,2.4,5.8,4.5,4.3,3.4,6.4,6.3,5.1,5.5,5.4,4.3,109888,-18.2,14715,-18.1,11861,-6.9,109106,-15.3,24287,-29.4,4882,-0.8,-1.8,68.71,7.7505,1.136,99.4,124.1,20573.33008,5,-1.5,0.16,0.21,0.15,0.15,-0.9,0.6,3.1
2009/8/31,53.5,1.5,5,69.7,3.1,6.7,61,2.4,5.9,4.8,4.5,3.6,6.6,6.2,5.7,5.8,5.4,4.7,110445,-12.1,15695,-9.5,11688,-17.3,107031,-11.1,27172,-14.6,4758,1.6,-1.2,70.72,7.7515,1.136,102.2,127.4,19724.18945,5,-1.6,0.16,0.16,0.18,0.22,-1.5,0,0.8
2009/9/30,53.2,1.5,4.9,69.7,3.2,6.4,60.9,2.4,5.7,5,4.5,4.1,6.7,6.4,6,5.9,5.5,5.1,121046,-5.4,17969,13,11930,-11.1,119844,3.4,26874,-27.8,4884,8.3,-0.8,72.92,7.7505,1.1373,105.4,129.9,20955.25,5,0.5,0.15,0.16,0.21,0.18,-1.6,-0.9,1.2
2009/10/31,52.8,1.4,4.3,69.2,3.3,5.9,60.4,2.4,5.2,4.9,4.8,4.3,6.4,6.6,6.3,5.7,5.8,5.4,116027,-17,18034,-5.9,13341,2.4,126944,-8.9,27616,-23.4,5458,6.3,-0.5,73.39,7.7485,1.13805,106.7,131.7,21752.86914,5,2.2,0.12,0.15,0.16,0.15,0.5,-1.5,0.6
2009/11/30,52.7,1.4,4,69,3.4,5.7,60.3,2.4,4.9,4.3,5,4.5,5.9,6.7,6.2,5.2,5.9,5.4,118402,2.4,17387,29.1,12490,6.3,119718,8.9,26413,-12,5638,18.3,0.6,72.61,7.7505,1.1378,109.6,132.3,21821.5,5,0.5,0.12,0.12,0.16,0.18,2.2,-1.6,0
2009/12/31,52.6,1.4,3.9,68.5,3.1,5.4,60,2.3,4.7,4,4.9,4.5,5.7,6.4,6.4,4.9,5.7,5.5,118698,9.2,16852,54,13401,23.1,114847,16.8,23405,-8.7,6449,55.7,1.9,73.23,7.7555,1.1385,110.1,134.7,21872.5,5,1.3,0.12,0.12,0.15,0.21,0.5,0.5,-0.9
2010/1/31,52.5,1.4,3.8,68.8,2.9,5.2,60,2.2,4.6,3.9,4.3,4.8,5.4,5.9,6.6,4.7,5.2,5.8,112174,24,18303,97.1,14438,33.2,114734,48.6,22865,-15.8,5933,100.1,1.5,76.05,7.7615,1.1413,110.6,138.3,20121.99023,5,1,0.11,0.12,0.12,0.16,1.3,2.2,-1.5
2010/2/28,52.2,1.4,3.6,68.5,2.7,5.1,59.8,2.1,4.4,3.8,4,5,5.2,5.7,6.7,4.6,4.9,5.9,86880,18.3,13544,36.3,10662,21.8,92009,23.2,19679,43.9,4830,75.1,2.7,77.96,7.7605,1.13895,111.5,140.7,20608.69922,5,2.8,0.13,0.11,0.12,0.16,1,0.5,-1.6
2010/3/31,52.1,1.4,3.4,68.5,2.8,5.4,59.7,2.2,4.4,3.6,3.9,4.9,5.1,5.4,6.4,4.4,4.7,5.7,117797,33.6,19349,56.2,14288,19.4,128429,47.4,21608,4.5,5506,46.8,2.4,78.69,7.7645,1.14,113.9,143.4,21239.34961,5,2,0.16,0.13,0.12,0.15,2.8,1.3,0.5
2010/4/30,52.2,1.4,3.3,68.1,2.7,5.6,59.6,2.1,4.6,3.4,3.8,4.3,5.4,5.2,5.9,4.4,4.6,5.2,122703,24.2,20572,43.9,14751,21.2,134644,25.8,23547,8.6,6160,48.8,2.8,78.77,7.7645,1.1398,115.9,146.6,21108.58984,5,2.4,0.2,0.16,0.11,0.12,2,1,2.2
2010/5/31,52.1,1.4,3.7,68.1,2.6,5.8,59.5,2,4.8,3.3,3.6,4,5.6,5.1,5.7,4.6,4.4,4.9,125803,27.1,20303,41.9,14399,20.7,134361,25.6,29475,24,5358,16.4,3.1,79.16,7.7925,1.1425,118.2,145.8,19765.18945,5,2.5,0.2,0.2,0.13,0.12,2.4,2.8,0.5
2010/6/30,52.1,1.4,3.9,68.3,2.5,5.5,59.6,2,4.8,3.7,3.4,3.9,5.8,5.4,5.4,4.8,4.4,4.7,135679,28.2,19897,33,16096,33.4,142961,26.2,29570,29.4,5582,25.3,2.9,80.12,7.7855,1.148,119.3,146.9,20128.99023,5,2.8,0.18,0.2,0.16,0.12,2.5,2,1.3
2010/7/31,52,1.4,3.9,68.4,2.5,5.2,59.6,2,4.6,3.9,3.3,3.8,5.5,5.6,5.2,4.8,4.6,4.6,132944,21,19232,30.7,15432,30.1,138055,26.5,30120,24,5241,7.4,3.3,81.88,7.7645,1.1478,120,151.3,21029.81055,5,1.3,0.18,0.18,0.2,0.11,2.8,2.4,1
2010/8/31,51.9,1.3,3.9,68.7,2.5,5.1,59.7,1.9,4.6,3.9,3.7,3.6,5.2,5.8,5.1,4.6,4.8,4.4,142469,29,19656,25.2,15798,35.2,154822,44.7,33984,25.1,6044,27,3.5,83.61,7.7805,1.145,121.9,154.9,20536.49023,5,3,0.19,0.18,0.2,0.13,1.3,2.5,2.8
2010/9/30,51.8,1.3,3.7,68.7,2.5,5,59.6,1.9,4.4,3.9,3.9,3.4,5.1,5.5,5.4,4.6,4.8,4.4,144568,19.4,19262,7.2,15549,30.3,147504,23.1,32514,21,5879,20.4,3.6,85.34,7.7615,1.16235,123.7,156.1,22358.16992,5,2.6,0.19,0.19,0.18,0.16,3,2.8,2
2010/10/31,51.8,1.3,3.5,68.6,2.5,4.7,59.5,1.9,4.2,3.7,3.9,3.3,5,5.2,5.6,4.4,4.6,4.6,133877,15.4,18427,2.2,16396,22.9,142936,12.6,32331,17.1,5675,4,4.4,86.87,7.7495,1.16445,126,160.2,23096.32031,5,2.5,0.19,0.19,0.18,0.2,2.6,1.3,2.4
2010/11/30,51.8,1.3,3.3,68.4,2.5,4.4,59.5,1.9,3.9,3.5,3.9,3.7,4.7,5.1,5.8,4.2,4.6,4.8,139847,18.1,18131,4.3,15211,21.8,141953,18.6,30350,14.9,5647,0.2,5.1,88.58,7.7665,1.16695,127.5,163.7,23007.99023,5,2.8,0.19,0.19,0.19,0.2,2.5,3,2.5
2010/12/31,52,1.2,3,68.5,2.4,4.3,59.6,1.8,3.7,3.3,3.7,3.9,4.4,5,5.5,3.9,4.4,4.8,136488,15,18268,8.4,16368,22.1,126238,9.9,26231,12.1,6819,5.7,4.6,88.4,7.7745,1.1816,127.4,163,23035.44922,5,2.9,0.18,0.19,0.19,0.18,2.8,2.6,2.8
2011/1/31,52.3,1.2,2.8,68.4,2.4,4.2,59.8,1.8,3.5,3,3.5,3.9,4.3,4.7,5.2,3.7,4.2,4.6,141190,25.9,19957,9,15554,7.7,148391,29.3,29144,27.5,6690,12.8,4.9,90.83,7.7955,1.1855,126.4,169.5,23447.33984,5,3.4,0.17,0.18,0.19,0.18,2.9,2.5,1.3
2011/2/28,52.4,1.1,2.5,68,2.2,4.1,59.6,1.7,3.4,2.8,3.3,3.9,4.2,4.4,5.1,3.5,3.9,4.6,101076,16.3,16974,25.3,14473,35.7,126700,37.7,18805,-4.4,5143,6.5,4.9,94.81,7.791,1.18685,127.6,176.4,23338.01953,5,3.6,0.16,0.17,0.19,0.19,3.4,2.8,3
2011/3/31,52.5,1.1,2.6,67.9,2.4,4.1,59.6,1.8,3.4,2.5,3,3.7,4.1,4.3,5,3.4,3.7,4.4,142206,20.7,21225,9.7,17008,19,152712,18.9,24813,14.8,7983,45,5.4,97.41,7.784,1.191,129.9,179.5,23527.51953,5,4.4,0.14,0.16,0.18,0.19,3.6,2.9,2.6
2011/4/30,52.6,1.1,2.9,68.1,2.5,4.3,59.8,1.9,3.6,2.6,2.8,3.5,4.1,4.2,4.7,3.4,3.5,4.2,130113,6,19842,-3.5,16477,11.7,131933,-2,23564,0.1,8244,33.8,5.3,97.6,7.765,1.2019,131.5,183.3,23720.81055,5,4.6,0.1,0.14,0.17,0.19,4.4,3.4,2.5
2011/5/31,52.8,1.2,3,68.5,2.5,4.3,60.1,1.9,3.7,2.9,2.5,3.3,4.3,4.1,4.4,3.6,3.4,3.9,138781,10.3,20012,-1.4,19070,32.4,146168,8.8,28756,-2.4,7533,40.6,5.5,99.43,7.778,1.202,133.3,185.9,23684.13086,5,5.2,0.09,0.1,0.16,0.19,4.6,3.6,2.8
2011/6/30,53,1.2,3,68.5,2.2,4.4,60.1,1.8,3.7,3,2.6,3,4.3,4.1,4.3,3.7,3.4,3.7,154849,14.1,19433,-2.3,18426,14.5,151522,6,28036,-5.2,7130,27.7,6.4,99.23,7.7815,1.2053,136.6,188.1,22398.09961,5,5.6,0.09,0.09,0.14,0.18,5.2,4.4,2.9
2011/7/31,53.1,1.2,3,68.7,2.2,4.3,60.3,1.7,3.7,3,2.9,2.8,4.4,4.3,4.2,3.7,3.6,3.5,146240,10,19656,2.2,16763,8.6,144691,4.8,28994,-3.7,6469,23.4,6.5,99.11,7.7925,1.21335,137.3,185.5,22440.25,5,7.9,0.07,0.09,0.1,0.17,5.6,4.6,3.4
2011/8/31,53.1,1.2,2.9,68.7,2.4,4,60.3,1.8,3.5,3,3,2.5,4.3,4.3,4.1,3.7,3.7,3.4,158555,11.3,22261,13.3,19562,23.8,160049,3.4,32675,-3.9,8522,41,6.2,99.41,7.7955,1.22405,137.5,184.5,20534.84961,5,5.7,0.1,0.07,0.09,0.16,7.9,5.2,3.6
2011/9/30,53.2,1.1,3,68.6,2.4,3.8,60.3,1.8,3.4,2.9,3,2.6,4,4.4,4.1,3.5,3.7,3.4,145761,0.8,18734,-2.7,15910,2.3,136704,-7.3,29609,-8.9,7350,25,6.1,99.21,7.7915,1.22275,137.3,185.6,17592.41016,5,5.8,0.08,0.1,0.09,0.14,5.7,5.6,4.4
2011/10/31,53.1,1,2.8,68.4,2.1,3.8,60.1,1.6,3.4,3,3,2.9,3.8,4.3,4.3,3.4,3.7,3.6,145179,8.4,21688,17.7,18002,9.8,159966,11.9,32973,2,6716,18.3,5.5,97.94,7.7675,1.2237,137.6,183.2,19864.86914,5,5.8,0.07,0.08,0.07,0.1,5.8,7.9,4.6
2011/11/30,53.2,0.9,2.7,68.3,2,3.7,60.1,1.5,3.2,2.8,2.9,3,3.8,4,4.3,3.4,3.5,3.7,144454,3.3,20936,15.5,21592,41.9,145570,2.5,28080,-7.5,7706,36.5,4.2,97.24,7.7875,1.2218,136.9,182,17989.34961,5,5.7,0.08,0.07,0.1,0.09,5.8,5.7,5.2
2011/12/31,53.3,0.8,2.5,68.2,2,3.7,60.2,1.4,3.1,2.7,3,3,3.7,3.8,4.4,3.2,3.4,3.7,149214,9.3,20308,11.2,18853,15.2,143645,13.8,26049,-0.7,6886,1,4.1,96.68,7.7655,1.2325,135.8,181.1,18434.39063,5,5.7,0.07,0.08,0.08,0.09,5.7,5.8,5.6
2012/1/31,53.2,0.9,2.4,68.4,2,3.6,60.2,1.5,3,2.5,2.8,3,3.7,3.8,4.3,3.1,3.4,3.7,126254,-10.6,15195,-23.9,13521,-13.1,129644,-12.6,27978,-4,4862,-27.3,4.5,94.47,7.7555,1.229,133.2,179.8,20390.49023,5,6.1,0.08,0.07,0.07,0.07,5.7,5.8,7.9
2012/2/29,53.4,0.9,2.5,68.6,2,3.8,60.4,1.5,3.2,2.4,2.7,2.9,3.6,3.7,4,3,3.2,3.5,129481,28.1,17851,5.2,19651,35.8,148612,17.3,20361,8.3,6298,22.5,3.2,95.15,7.7545,1.23255,133.4,183.8,21680.08008,5,4.7,0.1,0.08,0.08,0.1,6.1,5.7,5.7
2012/3/31,53.3,1,2.5,68.8,2.1,4,60.4,1.6,3.3,2.5,2.5,3,3.8,3.7,3.8,3.2,3.1,3.4,140149,-1.4,19352,-8.8,16250,-4.5,140397,-8.1,24305,-2,4985,-37.6,3.6,100.06,7.7645,1.2353,134.3,192.2,20555.58008,5,4.9,0.13,0.1,0.07,0.08,4.7,5.7,5.8
2012/4/30,53.4,0.9,2.7,68.5,2.1,3.9,60.3,1.5,3.3,2.5,2.4,2.8,4,3.6,3.8,3.3,3,3.4,139322,7.1,19940,0.5,16093,-2.3,140176,6.2,27183,15.4,8417,2.1,3.4,101.12,7.7585,1.229,137.3,198.5,21094.21094,5,4.7,0.14,0.13,0.08,0.07,4.9,6.1,5.8
2012/5/31,53.6,0.8,2.7,68.5,2.1,3.8,60.4,1.4,3.3,2.7,2.5,2.7,3.9,3.8,3.7,3.3,3.2,3.2,153999,11,21656,8.2,16779,-12,160079,9.5,28525,-0.8,7018,-6.8,3,104,7.7635,1.2175,139.4,203.2,18629.51953,5,4.3,0.16,0.14,0.1,0.08,4.7,4.7,5.7
2012/6/30,53.8,0.7,2.9,68.5,2.1,3.8,60.6,1.5,3.4,2.7,2.5,2.5,3.8,4,3.7,3.3,3.3,3.1,147802,-4.6,21111,8.6,17476,-5.2,145575,-3.9,28014,-0.1,7494,5.1,2.2,104.6,7.7555,1.222,142.4,205.1,19441.46094,5,3.7,0.16,0.16,0.13,0.07,4.3,4.9,5.7
2012/7/31,53.8,0.8,3,68.8,2.1,3.8,60.7,1.5,3.4,2.9,2.7,2.4,3.8,3.9,3.6,3.4,3.3,3,148534,1.6,21614,10,17103,2,145397,0.5,30070,3.7,6067,-6.2,1.8,106.54,7.7535,1.2149,144.8,206.1,19796.81055,5,1.6,0.16,0.16,0.14,0.08,3.7,4.7,6.1
2012/8/31,53.7,0.9,3.1,68.8,2.4,3.8,60.6,1.7,3.4,3,2.7,2.5,3.8,3.8,3.8,3.4,3.3,3.2,170411,7.5,21787,-2.1,19117,-2.3,173708,8.5,30917,-5.4,6430,-24.5,2,106.89,7.7555,1.2205,146.4,210.8,19482.57031,5,3.7,0.13,0.16,0.16,0.1,1.6,4.3,4.7
2012/9/30,53.4,0.8,3.1,68.5,2.3,3.8,60.3,1.6,3.5,3.1,2.9,2.5,3.8,3.8,4,3.4,3.4,3.3,170120,16.7,22331,19.2,15944,0.2,171603,25.5,32272,9,6930,-5.7,1.9,110.14,7.7535,1.2346,147.5,217.8,20840.38086,5,3.8,0.14,0.13,0.16,0.13,3.7,3.7,4.9
2012/10/31,53.4,0.8,3,68.5,2.2,3.8,60.3,1.5,3.4,3.1,3,2.7,3.8,3.8,3.9,3.5,3.4,3.3,161476,11.2,22072,1.8,17248,-4.2,161710,1.1,32168,-2.4,6800,1.2,1.7,114.35,7.7495,1.243,149.6,223.7,21641.82031,5,3.8,0.16,0.14,0.16,0.14,3.8,1.6,4.7
2012/11/30,53.4,0.8,2.8,68.2,2,3.9,60.2,1.4,3.3,3,3.1,2.7,3.8,3.8,3.8,3.4,3.4,3.3,174717,20.9,21165,1.1,16643,-22.9,173202,19,28165,0.3,6431,-16.5,2,115.05,7.7495,1.25,151.3,225.9,22030.39063,5,3.7,0.16,0.16,0.13,0.16,3.8,3.7,4.3
2012/12/31,53.6,0.9,2.4,68.4,2.1,3.7,60.4,1.5,3.1,2.8,3.1,2.9,3.9,3.8,3.8,3.3,3.5,3.4,179495,20.3,20986,3.3,18795,-0.3,168710,17.4,29388,12.8,9181,33.3,2.5,115.78,7.7505,1.246,151.1,227.6,22656.91992,5,3.7,0.16,0.16,0.14,0.16,3.7,3.8,3.7
2013/1/31,53.9,0.9,2.5,68.5,2.2,3.8,60.6,1.6,3.2,2.4,3,3,3.7,3.8,3.8,3.1,3.4,3.4,169459,34.2,20158,32.7,16301,20.6,167263,29,27713,-0.9,7730,59,2,119.13,7.7565,1.24885,150.5,232.5,23729.5293,5,3,0.14,0.16,0.16,0.16,3.7,3.8,1.6
2013/2/28,54,0.8,2.7,68.7,2.2,3.8,60.7,1.5,3.3,2.5,2.8,3.1,3.8,3.9,3.8,3.2,3.3,3.4,106197,-18,15114,-15.3,13579,-30.9,114285,-23.1,19428,-4.6,5353,-15,3.2,121.64,7.7555,1.24785,152.4,240,23020.26953,5,4.4,0.15,0.14,0.16,0.13,3,3.7,3.7
2013/3/31,54.3,0.8,2.9,68.8,2.3,4,60.9,1.6,3.5,2.7,2.4,3.1,3.8,3.7,3.8,3.3,3.1,3.5,159474,13.8,22496,16.2,17872,10,163614,16.5,24413,0.4,6181,24,2.1,123.01,7.7615,1.2503,152.1,239.9,22299.63086,5,3.6,0.14,0.15,0.16,0.14,4.4,3.7,3.8
2013/4/30,54.2,0.8,2.9,68.9,2.3,4.1,60.9,1.6,3.5,2.9,2.5,3,4,3.8,3.8,3.5,3.2,3.4,160118,14.9,23399,17.3,17099,6.2,162215,15.7,26192,-3.6,7159,-14.9,2.4,118.84,7.7605,1.26,153.2,239.4,22737.00977,5,4,0.15,0.14,0.14,0.16,3.6,3,3.8
2013/5/31,54.3,0.9,3,69.3,2.3,4,61.2,1.6,3.5,2.9,2.7,2.8,4.1,3.8,3.9,3.5,3.3,3.3,156292,1.5,23850,10.1,17654,5.2,161132,0.7,26265,-7.9,6323,-9.9,2.1,119.06,7.7635,1.2665,153.4,240.8,22392.16016,5,3.9,0.11,0.15,0.15,0.16,4,4.4,3.7
2013/6/30,54.4,0.9,3,69.4,2.2,3.8,61.3,1.6,3.5,3,2.9,2.4,4,4,3.7,3.5,3.5,3.1,150843,2.1,20996,-0.5,17429,-0.3,145314,-0.2,27174,-3,6383,-14.8,2.7,121.88,7.7565,1.2635,154,243.3,20803.28906,5,4.1,0.09,0.11,0.14,0.16,3.9,3.6,3.7
2013/7/31,54.5,0.9,3.1,69.4,2.1,3.9,61.3,1.5,3.5,3,2.9,2.5,3.8,4.1,3.8,3.5,3.5,3.2,163034,9.8,22658,4.8,16509,-3.5,166395,14.4,30940,2.9,6390,5.3,2.7,120.95,7.7545,1.266,155.2,245.1,21883.66016,5,6.9,0.09,0.09,0.15,0.14,4.1,4,3
2013/8/31,54.5,0.8,3.2,69.6,2.2,3.8,61.4,1.5,3.5,3.1,3,2.7,3.9,4,3.8,3.5,3.5,3.3,169061,-0.8,21299,-2.2,19829,3.7,167436,-3.6,30123,-2.6,6356,-1.1,2.6,119.85,7.7525,1.27,155.9,246.3,21731.36914,5,4.5,0.08,0.09,0.11,0.15,6.9,3.9,4.4
2013/9/30,54.3,0.7,3.1,69.6,2.2,3.8,61.3,1.5,3.5,3.2,3,2.9,3.8,3.8,4,3.5,3.5,3.5,176924,4,22579,1.1,18744,17.6,174877,1.9,32209,-0.2,6259,-9.7,3.1,120,7.7535,1.269,156.3,245.5,22859.85938,5,4.6,0.08,0.08,0.09,0.14,4.5,4.1,3.6
2013/10/31,54.1,0.8,3,69.2,2.1,3.7,61,1.5,3.4,3.1,3.1,2.9,3.8,3.9,4.1,3.5,3.5,3.5,171866,6.4,22121,0.2,19879,15.3,178506,10.4,31006,-3.6,6894,1.4,3.2,119.5,7.7525,1.27455,157,245.4,23206.36914,5,4.3,0.09,0.08,0.09,0.15,4.6,6.9,4
2013/11/30,54.1,0.7,2.9,68.8,2.1,3.7,60.8,1.4,3.3,3,3.2,3,3.7,3.8,4,3.4,3.5,3.5,184526,5.6,23511,11.1,20324,22.1,179646,3.7,28721,2,6095,-5.2,3,120.39,7.7525,1.2735,157.2,245,23881.28906,5,4.3,0.08,0.09,0.08,0.11,4.3,4.5,3.9
2013/12/31,54.4,0.8,2.6,68.8,2,3.5,61,1.4,3.1,2.9,3.1,3,3.7,3.8,3.8,3.3,3.5,3.5,176020,-1.9,23851,13.7,24772,31.8,169529,0.5,27342,-7,6318,-31.2,2.5,119.07,7.7535,1.28,156.3,245.1,23306.39063,5,4.3,0.09,0.08,0.08,0.09,4.3,4.6,4.1
2014/1/31,54.5,0.7,2.5,68.7,1.9,3.4,61,1.3,2.9,2.6,3,3.1,3.5,3.7,3.9,3.1,3.4,3.5,159789,-5.7,20102,-0.3,17031,4.5,156455,-6.5,30402,9.7,5986,-22.6,2.5,117.56,7.7655,1.284,155.5,244.7,22035.41992,5,4.6,0.07,0.09,0.09,0.09,4.3,4.3,6.9
2014/2/28,54,0.8,2.3,68.3,1.7,3.5,60.5,1.2,2.9,2.5,2.9,3.2,3.4,3.7,3.8,2.9,3.3,3.5,105362,-0.8,19010,25.8,15186,11.8,121676,6.5,15641,-19.5,4967,-7.2,2,117.77,7.7605,1.2598,155,244.3,22836.96094,5,3.9,0.07,0.07,0.08,0.08,4.6,4.3,4.5
2014/3/31,53.9,0.8,2.5,68,1.8,3.7,60.4,1.3,3.1,2.3,2.6,3.1,3.5,3.5,3.8,2.9,3.1,3.5,159437,0,25201,12,17566,-1.7,159813,-2.3,27128,11.1,7251,17.3,2.4,117.22,7.7565,1.249,155.3,243.7,22151.06055,5,3.9,0.08,0.07,0.09,0.08,3.9,4.3,4.6
2014/4/30,53.9,0.9,2.7,68.2,1.9,3.7,60.4,1.4,3.2,2.5,2.5,3,3.7,3.4,3.7,3.1,2.9,3.4,157350,-1.7,25688,9.8,17096,0,160438,-1.1,24733,-5.6,6597,-7.8,1.8,118.4,7.7525,1.23795,156,245,22133.9707,5,3.7,0.09,0.08,0.07,0.09,3.9,4.6,4.3
2014/5/31,54.2,0.9,2.8,68.1,2.2,3.6,60.5,1.6,3.2,2.7,2.3,2.9,3.7,3.5,3.7,3.2,2.9,3.3,161051,3,26263,10.1,17397,-1.5,166842,3.5,27444,4.5,6802,7.6,2.5,119.07,7.7525,1.2415,156.5,247.4,23081.65039,5,3.7,0.09,0.09,0.07,0.08,3.7,3.9,4.3
2014/6/30,54.2,0.8,3.1,68.5,2.2,3.5,60.7,1.5,3.3,2.8,2.5,2.6,3.6,3.7,3.5,3.2,3.1,3.1,162641,7.8,26436,25.9,18879,8.3,165446,13.9,28732,5.7,6476,1.5,2.3,121.19,7.7505,1.248,157.3,250.3,23190.7207,5,3.6,0.1,0.09,0.08,0.09,3.7,3.9,4.3
2014/7/31,54.6,0.8,3.2,68.9,2.2,3.7,61.2,1.5,3.5,3.1,2.7,2.5,3.5,3.7,3.4,3.3,3.2,2.9,175154,7.4,26472,16.8,17412,5.5,177247,6.5,30399,-1.7,7288,14,2.3,123.54,7.7495,1.2545,159,256.4,24756.84961,5,4,0.09,0.1,0.09,0.07,3.6,3.7,4.6
2014/8/31,54.9,0.7,3.4,69.3,2.1,3.7,61.5,1.4,3.5,3.2,2.8,2.3,3.7,3.6,3.5,3.5,3.2,2.9,172107,1.8,26823,25.9,19439,-2,174007,3.9,31838,5.7,7224,13.7,2,126.94,7.7495,1.261,160.9,261.2,24742.06055,5,3.9,0.09,0.09,0.09,0.07,4,3.7,3.9
2014/9/30,54.8,0.8,3.3,69.2,2.1,3.7,61.3,1.5,3.5,3.4,3.1,2.5,3.7,3.5,3.7,3.5,3.3,3.1,186717,5.5,26710,18.3,18026,-3.8,181103,3.6,32620,1.3,6884,10,1.6,128.14,7.7635,1.2619,162.8,266.3,22932.98047,5,6.6,0.09,0.09,0.1,0.08,3.9,3.6,3.9
2014/10/31,54.6,0.9,3.2,69.1,2.1,3.6,61.2,1.5,3.4,3.3,3.2,2.7,3.7,3.7,3.7,3.5,3.5,3.2,179485,4.4,27472,24.2,20867,5,178606,0.1,32153,3.7,6700,-2.8,1.6,129.39,7.7545,1.2676,164.3,270.5,23998.06055,5,5.2,0.09,0.09,0.09,0.09,6.6,4,3.7
2014/11/30,54.6,0.9,3.1,69.1,2.3,3.5,61.2,1.6,3.3,3.2,3.4,2.8,3.6,3.7,3.6,3.4,3.5,3.2,184641,0.1,24937,6.1,20486,0.8,171606,-4.5,31528,9.8,6839,12.2,1.4,130.46,7.7525,1.2587,165.3,274.1,23987.44922,5,5.1,0.09,0.09,0.09,0.09,5.2,3.9,3.7
2014/12/31,54.9,0.9,3,68.8,2.3,3.3,61.3,1.6,3.1,3.1,3.3,3.1,3.5,3.7,3.5,3.3,3.5,3.3,185499,5.4,25803,8.2,20696,-16.5,166630,-1.7,29410,7.6,6341,0.4,1.5,132.45,7.7555,1.2479,166.2,278.3,23605.03906,5,4.9,0.12,0.09,0.09,0.1,5.1,6.6,3.6
2015/1/31,55.1,0.9,2.9,68.8,2.3,3.2,61.3,1.6,3.1,3,3.2,3.2,3.3,3.6,3.7,3.1,3.4,3.5,168642,5.5,23779,18.3,17615,3.4,170876,9.2,28444,-6.4,6049,1.1,0.8,134.03,7.7505,1.2367,167.3,284.6,24507.05078,5,4.1,0.11,0.12,0.09,0.09,4.9,5.2,4
2015/2/28,55.2,0.9,3,68.6,2.1,3.2,61.3,1.5,3.1,2.9,3.1,3.4,3.2,3.5,3.7,3.1,3.3,3.5,118675,12.6,15993,-15.9,14897,-1.9,109346,-10.1,24280,55.2,4395,-11.5,1.4,136.2,7.7535,1.2327,168.3,291.5,24823.28906,5,4.6,0.11,0.11,0.09,0.09,4.1,5.1,3.9
2015/3/31,55.1,0.8,3,68.8,1.9,3.5,61.3,1.4,3.2,3,3,3.3,3.2,3.3,3.7,3.1,3.1,3.5,155450,-2.5,24444,-3,19721,12.3,164645,3,23915,-11.8,5642,-22.2,1.4,139.7,7.7545,1.25005,169.8,291.5,24900.89063,5,4.5,0.11,0.11,0.12,0.09,4.6,4.9,6.6
2015/4/30,54.9,0.7,3.1,68.6,1.8,3.4,61.1,1.3,3.3,3,2.9,3.2,3.5,3.2,3.6,3.2,3.1,3.4,159478,1.4,22438,-12.6,16384,-4.2,160279,-0.1,27113,9.6,5279,-20,1.5,141.22,7.7495,1.2491,171.3,297.4,28133,5,2.8,0.12,0.11,0.11,0.09,4.5,4.1,5.2
2015/5/31,54.7,0.7,3.1,68.4,2,3.4,60.9,1.4,3.3,3.1,3,3.1,3.4,3.2,3.5,3.3,3.1,3.3,157119,-2.4,23253,-11.5,19547,12.4,155816,-6.6,28909,5.3,5178,-23.9,1.2,141.96,7.7515,1.2496,173.1,298.8,27424.18945,5,3,0.12,0.12,0.11,0.09,2.8,4.6,5.1
2015/6/30,54.7,0.8,3.4,68.6,2,3.3,61,1.4,3.3,3.1,3,3,3.4,3.5,3.3,3.3,3.2,3.1,166466,2.4,23147,-12.4,19719,4.4,158369,-4.3,28912,0.6,5296,-18.2,1.4,143.56,7.7515,1.24915,174.1,301.3,26250.0293,5,3.1,0.13,0.12,0.11,0.12,3,4.5,4.9
2015/7/31,54.8,0.7,3.4,68.9,2.2,3.4,61.2,1.4,3.4,3.4,3.1,2.9,3.3,3.4,3.2,3.3,3.3,3.1,172598,-1.5,23362,-11.7,17938,3,172777,-2.5,30534,0.4,5397,-25.9,1.6,145.48,7.7515,1.2458,175.2,304.1,24636.2793,5,2.5,0.13,0.13,0.12,0.11,3.1,2.8,4.1
2015/8/31,54.8,0.6,3.4,69.2,2.1,3.6,61.3,1.4,3.5,3.4,3.1,3,3.4,3.4,3.2,3.4,3.3,3.1,168996,-1.8,23220,-13.4,15646,-19.5,162229,-6.8,32049,0.7,5452,-24.5,2,146.78,7.7505,1.203,177,305.3,21670.58008,5,2.4,0.14,0.13,0.12,0.11,2.5,3,4.6
2015/9/30,54.6,0.6,3.4,69,2.1,3.6,61.1,1.4,3.5,3.4,3.4,3,3.6,3.3,3.5,3.5,3.3,3.2,179962,-3.6,23403,-12.4,16786,-6.9,174949,-3.4,30027,-7.9,5087,-26.1,1.6,146.01,7.7495,1.2212,177.5,306.1,20846.30078,5,2,0.14,0.14,0.13,0.11,2.4,3.1,4.5
2015/10/31,54.5,0.7,3.4,68.8,2,3.5,61,1.4,3.4,3.4,3.4,3.1,3.6,3.4,3.4,3.5,3.4,3.3,175161,-2.4,25242,-8.1,16550,-20.7,171916,-3.7,29799,-7.3,6097,-9,1.3,142.98,7.7495,1.2255,175.5,302.3,22640.03906,5,2.3,0.12,0.14,0.13,0.12,2,2.5,2.8
2015/11/30,54.5,0.7,3.3,68.7,2,3.4,60.9,1.3,3.3,3.4,3.4,3.1,3.5,3.6,3.4,3.4,3.5,3.3,179368,-2.9,22902,-8.2,18360,-10.4,168161,-2,29799,-5.5,5461,-20.2,1.5,139.82,7.7495,1.20535,173.7,293.4,21996.41992,5,2.3,0.12,0.12,0.14,0.12,2.3,2.4,3
2015/12/31,54.6,0.7,3,68.5,1.9,3.3,60.9,1.4,3.2,3.3,3.4,3.4,3.4,3.6,3.3,3.3,3.5,3.3,183730,-1,23363,-9.5,18245,-11.8,168132,0.9,29194,-0.7,5790,-8.7,1.6,135.89,7.7505,1.17605,171.2,285,21914.40039,5,2.4,0.24,0.12,0.14,0.13,2.3,2,3.1
2016/1/31,54.9,0.8,2.9,68.4,1.9,3.3,61,1.4,3.1,3,3.4,3.4,3.3,3.5,3.4,3.2,3.4,3.4,156946,-6.9,22722,-4.4,16539,-6.1,157359,-7.9,28142,-1.1,5542,-8.4,1.8,131.95,7.7785,1.1804,168.8,279,19683.10938,5,2.5,0.34,0.24,0.12,0.13,2.4,2.3,2.5
2016/2/29,54.9,0.8,2.9,68.5,1.8,3.4,61.1,1.3,3.1,2.9,3.3,3.4,3.3,3.4,3.6,3.1,3.3,3.5,97039,-18.2,16409,2.6,15162,1.8,102307,-6.4,18657,-23.2,3628,-17.4,2.3,131.76,7.7755,1.1871,163.9,273.7,19111.92969,5,3,0.38,0.34,0.12,0.14,2.5,2.3,2.4
2016/3/31,54.8,0.9,3,68.7,1.8,3.7,61.1,1.4,3.3,2.9,3,3.4,3.4,3.3,3.6,3.1,3.2,3.5,151594,-2.5,22902,-6.3,16900,-14.3,146573,-11,23900,-0.1,5364,-4.9,2.3,127.46,7.7535,1.1979,163.5,271.4,20776.69922,5,2.9,0.36,0.38,0.24,0.14,3,2.4,2
2016/4/30,54.7,0.9,3,68.3,1.8,3.8,60.9,1.4,3.4,3,2.9,3.4,3.7,3.3,3.5,3.3,3.1,3.4,150096,-5.9,21920,-2.3,15657,-4.4,152622,-4.8,26757,-1.3,5348,1.3,2.3,129.87,7.7555,1.1953,163.4,273.3,21067.05078,5,2.7,0.37,0.36,0.34,0.12,2.9,2.5,2.3
2016/5/31,54.7,0.9,3.1,68.1,2,3.8,60.8,1.4,3.5,3,2.9,3.3,3.8,3.4,3.4,3.4,3.1,3.3,151191,-3.8,23489,1,16296,-16.6,157248,0.9,27145,-6.1,6322,22.1,2,128.37,7.7675,1.17875,164.8,275.8,20815.08984,5,2.6,0.37,0.37,0.38,0.12,2.7,3,2.3
2016/6/30,54.6,0.8,3.2,68.4,1.9,3.8,60.9,1.4,3.5,3.1,3,3,3.8,3.7,3.3,3.5,3.3,3.2,166732,0.2,23586,1.9,16191,-17.9,161253,1.8,26801,-7.3,5829,10.1,1.9,129.44,7.7585,1.1612,166.1,276.4,20794.36914,5,2.4,0.38,0.37,0.36,0.24,2.6,2.9,2.4
2016/7/31,54.4,0.9,3.2,69,2,3.9,61,1.4,3.5,3.2,3,2.9,3.8,3.8,3.3,3.5,3.4,3.1,161967,-6.2,25812,10.5,17129,-4.5,161749,-6.4,30001,-1.7,6373,18.1,1.8,131.34,7.757,1.17,167.6,281.7,21891.36914,5,2.3,0.39,0.38,0.37,0.34,2.4,2.7,2.5
2016/8/31,54.5,0.9,3.2,69.1,1.9,4,61.1,1.4,3.6,3.2,3.1,2.9,3.9,3.8,3.4,3.5,3.5,3.1,168431,-0.3,26438,13.9,16955,8.4,169264,4.3,29272,-8.7,6587,20.8,1.3,136.21,7.758,1.15955,170.1,287.4,22976.88086,5,4.3,0.4,0.39,0.37,0.38,2.3,2.6,3
2016/9/30,54.6,0.8,3.2,68.7,2,3.9,61,1.4,3.6,3.2,3.2,3,4,3.8,3.7,3.6,3.5,3.3,182045,1.2,25730,9.9,16746,-0.2,183889,5.1,29665,-1.2,6508,27.9,1.9,137.62,7.755,1.1606,171.8,296.2,23297.15039,5,2.7,0.4,0.4,0.38,0.36,4.3,2.4,2.9
2016/10/31,54.6,0.7,3.2,68.3,2.1,3.8,60.8,1.4,3.5,3.2,3.2,3,3.9,3.9,3.8,3.6,3.5,3.4,161204,-8,27421,8.6,18489,11.7,171930,0,29888,0.3,7206,18.2,2.1,143.68,7.756,1.1438,172.9,304.3,22934.53906,5,1.2,0.4,0.4,0.39,0.37,2.7,2.3,2.7
2016/11/30,54.5,0.7,3.1,68.1,2.1,3.6,60.6,1.4,3.4,3.2,3.2,3.1,3.8,4,3.8,3.5,3.6,3.5,183646,2.4,27992,22.2,20624,12.3,188205,11.9,27531,-7.6,7934,45.3,2.3,144.47,7.757,1.12395,172,306.7,22789.76953,5,1.2,0.41,0.4,0.4,0.37,1.2,4.3,2.6
2016/12/31,54.5,0.7,2.8,67.9,2.1,3.4,60.6,1.4,3.1,3.1,3.2,3.2,3.6,3.9,3.8,3.4,3.6,3.5,187557,2.1,27812,19,20248,11,191662,14,26449,-9.4,8018,38.5,2.1,146.3,7.754,1.11125,173.6,307.4,22000.56055,5,1.2,0.54,0.41,0.4,0.38,1.2,2.7,2.4
2017/1/31,54.9,0.7,2.8,67.9,1.9,3.3,60.8,1.3,3.1,2.8,3.2,3.2,3.4,3.8,3.9,3.1,3.5,3.5,149421,-4.8,23270,2.4,14354,-13.2,148277,-5.8,29770,5.8,7000,26.3,2.5,145.89,7.759,1.129,175.4,309.7,23360.7793,5,1.3,0.65,0.54,0.4,0.39,1.2,1.2,2.3
2017/2/28,55.2,0.7,2.7,68.1,1.8,3.4,61,1.2,3.1,2.8,3.1,3.2,3.3,3.6,4,3.1,3.4,3.6,120827,24.5,22660,38.1,17467,15.2,139061,35.9,16631,-10.9,6630,82.7,0.8,148.22,7.763,1.13225,176.6,314,23740.73047,5,-0.1,0.66,0.65,0.41,0.4,1.3,1.2,4.3
2017/3/31,55.1,0.7,2.8,68.3,1.8,3.6,61,1.2,3.2,2.7,2.8,3.2,3.4,3.4,3.9,3.1,3.1,3.6,169908,12.1,28239,23.3,18245,8,170011,16,26023,8.9,7355,37.1,0.9,150.89,7.77,1.12885,178.4,321.2,24111.58984,5,0.5,0.79,0.66,0.54,0.4,-0.1,1.2,2.7
2017/4/30,54.9,0.7,2.9,68.2,1.8,3.6,60.9,1.3,3.2,2.8,2.8,3.2,3.6,3.3,3.8,3.2,3.1,3.5,156886,4.5,22742,3.8,17403,11.2,158831,4.1,26250,-1.9,6954,30,1.2,155.45,7.778,1.12655,179.7,330,24615.13086,5,2,0.9,0.79,0.65,0.4,0.5,1.3,1.2
2017/5/31,55.1,0.7,2.9,68,1.7,3.6,60.9,1.2,3.2,2.9,2.7,3.1,3.6,3.4,3.6,3.2,3.1,3.4,155401,2.8,23612,0.5,16415,0.7,163249,3.8,27424,1,7379,16.7,1.5,158.78,7.789,1.15225,182.1,333.6,25660.65039,5,2,0.91,0.9,0.66,0.41,2,-0.1,1.2
2017/6/30,55,0.7,2.9,68.1,1.7,3.5,61,1.2,3.2,2.9,2.8,2.8,3.6,3.6,3.4,3.2,3.2,3.1,178046,6.8,28468,20.7,18145,12.1,180964,12.2,26971,0.6,7868,35,1.5,160.26,7.807,1.15265,182.8,336.1,25764.58008,5,1.9,1.04,0.91,0.79,0.54,2,0.5,1.2
2017/7/31,55.1,0.6,3,68.5,1.6,3.6,61.1,1.1,3.3,2.9,2.9,2.8,3.5,3.6,3.3,3.2,3.2,3.1,168447,4,26316,2,16819,-1.8,175949,8.8,29813,-0.6,7871,23.5,1.4,160.3,7.81,1.16075,183.6,337.5,27323.99023,5,2,1.15,1.04,0.9,0.65,1.9,2,1.3
2017/8/31,55,0.6,3.1,68.8,1.8,3.5,61.2,1.2,3.3,3,2.9,2.7,3.6,3.6,3.4,3.3,3.2,3.1,174977,3.9,28049,6.1,17026,0.4,187580,10.8,27671,-5.5,8141,23.6,1.8,161.36,7.827,1.18555,185.7,339.7,27970.30078,5,1.9,1.16,1.15,0.91,0.66,2,2,-0.1
2017/9/30,54.8,0.5,3,68.7,1.7,3.5,61.1,1.1,3.3,3.1,2.9,2.8,3.5,3.5,3.6,3.3,3.2,3.2,194609,6.9,29852,16,18275,9.1,197665,7.5,30875,4.1,7286,12,1.6,160.93,7.81,1.17555,186,340.8,27554.30078,5,1.4,1.15,1.16,1.04,0.79,1.9,1.9,0.5
2017/10/31,54.8,0.5,3,68.6,1.8,3.3,61,1.1,3.1,3,3,2.9,3.5,3.6,3.6,3.3,3.3,3.2,172314,6.9,31121,13.5,18565,0.4,182940,6.4,29937,0.2,7981,10.8,1.9,158.72,7.802,1.1766,186.7,344.2,28245.53906,5,1.5,1.15,1.15,1.15,0.9,1.4,2,2
2017/11/30,54.9,0.5,2.7,68.4,1.6,3.3,61,1.1,3,3,3.1,2.9,3.3,3.5,3.6,3.1,3.3,3.2,195593,6.5,29308,4.7,19094,-7.4,207273,10.1,29568,7.4,7734,-2.5,1.7,163.34,7.809,1.1808,187.2,347.2,29177.34961,5,1.6,1.16,1.15,1.16,0.91,1.5,1.9,2
2017/12/31,55,0.5,2.6,68.3,1.6,3,61,1.1,2.8,2.7,3,2.9,3.3,3.5,3.5,3,3.3,3.2,195487,4.2,36238,30.3,22230,9.8,194917,1.7,29500,11.5,7211,-10.1,1.8,165.02,7.814,1.1989,187.5,352.7,29919.15039,5,1.7,1.3,1.16,1.15,1.04,1.6,1.4,1.9
2018/1/31,55.2,0.5,2.2,68.6,1.5,3.1,61.2,1,2.7,2.6,3,3,3,3.3,3.6,2.8,3.1,3.3,180195,20.6,27337,17.5,17897,24.7,191302,29,30060,1,9797,40,1.5,167.96,7.821,1.2406,187.2,358.4,32887.26953,5,1.7,1.41,1.3,1.15,1.15,1.7,1.5,2
2018/2/28,55.3,0.5,2.3,68.7,1.5,3.1,61.3,1,2.7,2.2,2.7,3.1,3.1,3.3,3.5,2.7,3,3.3,120086,-0.6,19976,-11.8,14927,-14.5,124399,-10.5,21921,31.8,6872,3.7,2.9,170.85,7.83,1.2375,187.5,364.5,30844.7207,5,3.1,1.42,1.41,1.16,1.16,1.7,1.6,1.9
2018/3/31,55.4,0.5,2.3,68.7,1.5,3.3,61.4,1,2.8,2.3,2.6,3,3.1,3,3.5,2.7,2.8,3.3,174471,2.7,38081,34.9,20343,11.5,199363,17.3,25808,-0.8,6808,-7.4,2.1,174.94,7.849,1.24965,189.1,370,30093.38086,5,2.6,1.51,1.42,1.3,1.15,3.1,1.7,1.4
2018/4/30,55.2,0.6,2.5,68.5,1.5,3.2,61.2,1,2.8,2.3,2.2,3,3.3,3.1,3.3,2.8,2.7,3.1,171988,9.6,28152,23.8,17612,1.2,179283,12.9,29312,11.7,8887,27.8,1.8,182.17,7.85,1.2428,191,377,30808.44922,5,1.9,1.69,1.51,1.41,1.15,2.6,1.7,1.5
2018/5/31,55,0.5,2.5,68.5,1.5,3.2,61.1,1,2.8,2.5,2.3,2.7,3.2,3.1,3.3,2.8,2.7,3,184013,18.4,28889,22.3,17502,6.6,194543,19.2,30862,12.5,7238,-1.9,1.8,181.58,7.849,1.22685,191.7,383.4,30468.56055,5,2.1,1.7,1.69,1.42,1.16,1.9,3.1,1.6
2018/6/30,55.3,0.6,2.5,68.4,1.5,3.2,61.2,1,2.8,2.5,2.3,2.6,3.2,3.3,3,2.8,2.8,2.8,180138,1.2,28661,0.7,18506,2,186191,2.9,29759,10.3,5901,-25,1.9,186.33,7.846,1.1822,193.1,391.1,28955.10938,5,2.4,1.82,1.7,1.51,1.3,2.1,2.6,1.7
2018/7/31,55.3,0.5,2.5,68.6,1.7,3.2,61.2,1.1,2.9,2.5,2.5,2.2,3.2,3.2,3.1,2.8,2.8,2.7,185674,10.2,28651,8.9,19354,15.1,198543,12.8,32812,10.1,6640,-15.6,2.1,188.61,7.85,1.1485,194.9,394.8,28583.00977,5,2.4,1.91,1.82,1.69,1.41,2.4,1.9,1.7
2018/8/31,55.5,0.5,2.6,68.7,1.7,3.3,61.4,1.1,2.9,2.5,2.5,2.3,3.2,3.2,3.1,2.9,2.8,2.7,203045,16,29588,5.5,22373,31.4,213176,13.6,32614,17.9,6170,-24.2,2.3,188.44,7.85,1.1475,196.8,394.6,27888.55078,5,2.3,1.91,1.91,1.7,1.42,2.4,2.1,3.1
2018/9/30,55.1,0.5,2.6,68.8,1.8,3.3,61.3,1.2,2.9,2.6,2.5,2.3,3.3,3.2,3.3,2.9,2.8,2.8,200024,2.8,28536,-4.4,18791,2.8,211438,7,32589,5.6,6593,-9.5,2.5,185.51,7.828,1.13845,197.3,389.4,27788.51953,5.01,2.7,1.95,1.91,1.82,1.51,2.3,2.4,2.6
2018/10/31,55,0.6,2.4,68.7,1.7,3.4,61.1,1.2,2.9,2.6,2.5,2.5,3.3,3.2,3.2,2.9,2.9,2.8,203402,18,30012,-3.6,21313,14.8,215473,17.8,33028,10.3,6456,-19.1,2.5,183.7,7.847,1.12495,197.6,378.7,24979.68945,5.13,2.7,2.19,1.95,1.91,1.69,2.7,2.4,1.9
2018/11/30,55,0.6,2.3,68.2,1.7,3.2,60.9,1.1,2.8,2.4,2.6,2.5,3.4,3.3,3.2,2.9,2.9,2.8,197633,1,25216,-14,20296,6.3,196958,-5,31050,5,7327,-5.3,2.2,177.39,7.822,1.12675,195.9,366.8,26506.75,5.13,2.6,2.2,2.19,1.91,1.7,2.7,2.3,2.1
2018/12/31,55,0.6,2.2,68.1,1.6,3.1,60.9,1.1,2.7,2.3,2.6,2.5,3.2,3.3,3.2,2.8,2.9,2.8,187276,-4.2,25528,-29.6,22464,1.1,177884,-8.7,29306,-0.7,7528,4.4,1.9,174.49,7.834,1.1386,193.3,359.4,25845.69922,5.13,2.5,2.27,2.2,1.95,1.82,2.6,2.7,2.4
2019/1/31,55,0.5,2.1,68,1.6,3.1,60.9,1.1,2.6,2.2,2.4,2.5,3.1,3.4,3.2,2.7,2.9,2.9,177332,-1.6,24336,-11,16193,-9.5,183821,-3.9,28318,-5.8,7975,-18.6,1.7,170.86,7.847,1.1685,192.5,361,27942.4707,5.13,2.4,2.4,2.27,2.19,1.91,2.5,2.7,2.4
2019/2/28,55,0.6,2,67.9,1.5,3.1,60.8,1,2.6,2.1,2.3,2.6,3.1,3.2,3.3,2.6,2.8,2.9,107891,-10.2,18239,-8.7,17145,14.9,117802,-5.3,17420,-20.5,5052,-26.5,1.5,171.91,7.851,1.1743,191.9,367,28633.17969,5.13,2.1,2.4,2.4,2.2,1.91,2.4,2.6,2.3
2019/3/31,55.1,0.6,2.1,67.8,1.4,3.4,60.8,1,2.8,2,2.2,2.6,3.1,3.1,3.3,2.6,2.7,2.9,187383,7.4,28381,-25.5,22867,12.4,179281,-10.1,25729,-0.3,7806,14.6,2.3,179.5,7.849,1.1672,192.9,378.7,29051.35938,5.13,2.1,2.41,2.4,2.27,1.95,2.1,2.5,2.7
2019/4/30,55.3,0.5,2.2,67.5,1.4,3.4,60.8,1,2.8,2.1,2.1,2.4,3.4,3.1,3.4,2.8,2.6,2.9,169279,-1.6,25297,-10.1,16556,-6,177017,-1.3,24320,-17,6717,-24.4,2.5,183.92,7.847,1.16295,194.1,392.3,29699.10938,5.13,2.9,2.42,2.41,2.4,2.19,2.1,2.4,2.7
2019/5/31,55.3,0.5,2.2,67.5,1.5,3.5,60.8,1,2.9,2.2,2,2.3,3.4,3.1,3.2,2.8,2.6,2.8,176685,-4,28452,-1.5,17875,2.1,186558,-4.1,26219,-15,7432,2.7,2.7,189.42,7.847,1.13245,195.2,396.9,26901.08984,5.13,2.8,2.39,2.42,2.4,2.2,2.9,2.1,2.6
2019/6/30,55.3,0.5,2.2,67.6,1.5,3.5,60.8,1,2.9,2.2,2.1,2.2,3.5,3.4,3.1,2.9,2.8,2.7,168844,-6.3,27907,-2.6,18401,-0.6,166532,-10.6,27784,-6.6,6724,13.9,2.7,190.48,7.812,1.13665,196.5,393.7,28542.61914,5.13,3.3,2.38,2.39,2.41,2.27,2.8,2.1,2.5
2019/7/31,55.3,0.5,2.3,67.5,1.5,3.6,60.8,1,3,2.2,2.2,2.1,3.5,3.4,3.1,2.9,2.8,2.6,178241,-4,27411,-4.3,17290,-10.7,184396,-7.1,29433,-10.3,8041,21.1,2.8,188.76,7.827,1.13565,198.3,393.5,27777.75,5.13,3.3,2.4,2.38,2.42,2.4,3.3,2.9,2.4
2019/8/31,55.3,0.5,2.4,67.4,1.5,3.6,60.7,1,3,2.3,2.2,2,3.6,3.5,3.1,3,2.9,2.6,177671,-12.5,29570,-0.1,18778,-16.1,202056,-5.2,29756,-8.8,8092,31.2,2.8,187.97,7.841,1.0947,200.1,388.2,25724.73047,5.13,3.5,2.13,2.4,2.39,2.4,3.3,2.8,2.1
2019/9/30,55.2,0.5,2.5,67.2,1.6,3.5,60.6,1,3,2.4,2.2,2.1,3.6,3.5,3.4,3,2.9,2.8,181595,-9.2,29422,3.1,16346,-13,201768,-4.6,24677,-24.3,7403,12.3,3,182.24,7.842,1.09925,197.4,381.4,26092.26953,5.13,3.2,2.04,2.13,2.38,2.41,3.5,3.3,2.1
2019/10/31,55.1,0.6,2.6,67.2,1.7,3.7,60.5,1.1,3.1,2.5,2.3,2.2,3.5,3.6,3.4,3,3,2.8,173874,-14.5,30850,2.8,16209,-23.9,199687,-7.3,26045,-21.1,7539,16.8,3.8,179.01,7.838,1.1144,193.4,378.2,26906.7207,5.13,3.1,1.83,2.04,2.4,2.42,3.2,3.3,2.9
2019/11/30,54.8,0.6,2.6,67.2,1.7,3.7,60.4,1.2,3.1,2.6,2.4,2.2,3.7,3.6,3.5,3.1,3,2.9,182266,-7.8,29746,18,17961,-11.5,207250,5.2,23689,-23.7,7402,1,4.5,181.36,7.828,1.11275,190.8,385.3,26346.49023,5,3,1.55,1.83,2.13,2.39,3.1,3.5,2.8
2019/12/31,54.6,0.7,2.5,67.1,1.7,3.8,60.2,1.2,3.1,2.6,2.5,2.2,3.7,3.5,3.5,3.1,3,2.9,178160,-4.9,30908,21.1,17613,-21.6,205740,15.7,22720,-22.5,8117,7.8,4.5,178.13,7.787,1.1175,189.7,379.2,28189.75,5,2.9,1.55,1.55,2.04,2.38,3,3.2,3.3
2020/1/31,54.5,0.8,2.5,67,1.6,3.7,60.1,1.2,3.1,2.5,2.6,2.3,3.8,3.7,3.6,3.1,3.1,3,132870,-25.1,24999,2.7,13502,-16.6,144515,-21.4,18983,-33,6279,-21.3,5.4,177.58,7.77,1.1134,185.5,379.7,26312.63086,5,1.4,1.55,1.55,1.83,2.4,2.9,3.1,3.3
2020/2/29,54.5,1.1,2.8,66.5,2,4.3,59.9,1.5,3.5,2.5,2.6,2.4,3.7,3.7,3.6,3.1,3.1,3,98624,-8.6,25467,39.6,15800,-7.8,133392,13.2,14553,-16.5,6989,38.3,5.2,178.11,7.793,1.1162,185,373.4,26129.92969,5,2.2,1.58,1.55,1.55,2.13,1.4,3,3.5
2020/3/31,54.4,1.8,3.5,66,2.6,5,59.6,2.2,4.2,2.8,2.5,2.5,4.3,3.8,3.5,3.5,3.1,3,160994,-14.1,31127,9.7,16114,-29.5,194305,8.4,18195,-29.3,7875,0.9,4.3,175.51,7.755,1.09165,181.7,378.4,23603.48047,5,2.3,0.65,1.58,1.55,2.04,2.2,2.9,3.2
2020/4/30,54.3,2.5,4.4,65.6,3.5,6,59.3,3,5.2,3.5,2.5,2.6,5,3.7,3.7,4.2,3.1,3.1,150397,-11.2,32768,29.5,16374,-1.1,193682,9.4,18332,-24.6,8167,21.6,3.3,175.9,7.751,1.09465,179.9,377.5,24643.58984,5,1.9,0.05,0.65,1.55,1.83,2.3,1.4,3.1
2020/5/31,54.2,3,5,65.6,4,6.9,59.3,3.5,6,4.4,2.8,2.6,6,4.3,3.7,5.2,3.5,3.1,152047,-13.9,30426,6.9,12443,-30.4,187039,0.3,22451,-14.4,8662,16.6,2.4,180.26,7.753,1.0862,177.6,386.1,22961.4707,5,1.5,0.05,0.05,1.58,1.55,1.9,2.2,3
2020/6/30,54.4,3.2,5.2,65.8,4.3,7.3,59.6,3.7,6.2,5,3.5,2.5,6.9,5,3.8,6,4.2,3.1,158985,-5.8,31953,14.5,12372,-32.8,181241,8.8,21834,-21.4,8177,21.6,2.5,178.48,7.7515,1.09615,180.1,386.7,24427.18945,5,0.7,0.08,0.05,0.65,1.55,1.5,2.3,2.9
2020/7/31,54.5,3,4.9,66.4,4,7.6,59.9,3.5,6.2,5.2,4.4,2.5,7.3,6,3.7,6.2,5.2,3.1,163733,-8.1,39752,45,13414,-22.4,193918,5.2,23499,-20.2,8075,0.4,2.7,181.69,7.7515,1.10825,180.6,385.4,24595.34961,5,-2.3,0.09,0.08,0.05,1.55,0.7,1.9,1.4
2020/8/31,54.6,3.5,5.1,66.4,4.3,7.6,59.9,3.9,6.4,4.9,5,2.8,7.6,6.9,4.3,6.2,6,3.5,166775,-6.1,35708,20.8,13281,-29.3,199247,-1.4,25315,-14.9,8225,1.6,2.4,177.43,7.7515,1.13075,181.2,382,25177.05078,5,-0.4,0.1,0.09,0.05,1.58,-2.3,1.5,2.2
2020/9/30,54.3,3.4,5.3,66.5,4.4,7.8,59.8,3.9,6.5,5.1,5.2,3.5,7.6,7.3,5,6.4,6.2,4.2,179955,-0.9,40537,37.8,12824,-21.6,235991,17,26081,5.7,8176,10.4,1.7,176.74,7.7515,1.1372,178.8,383.1,23459.05078,5,-2.2,0.09,0.1,0.08,0.65,-0.4,0.7,2.3
2020/10/31,54.3,3.3,5.3,66.4,4.5,7.8,59.7,3.9,6.5,5.3,4.9,4.4,7.8,7.6,6,6.5,6.2,5.2,166043,-4.5,35621,15.5,15541,-4.1,196802,-1.4,25022,-3.9,8573,13.7,0.5,176.84,7.752,1.1574,178.2,381.3,24107.41992,5,-0.4,0.09,0.09,0.09,0.05,-2.2,-2.3,1.9
2020/11/30,54.2,2.7,4.8,66.6,4.1,7.5,59.8,3.4,6.2,5.3,5.1,5,7.8,7.6,6.9,6.5,6.4,6,190052,4.3,35530,19.4,16578,-7.7,223902,8,24047,1.5,8836,19.4,-0.5,175.54,7.752,1.177,178.5,380.6,26341.49023,5,-0.3,0.09,0.09,0.1,0.05,-0.4,-0.4,1.5
2020/12/31,54.1,2.8,5,66.6,4.1,7.6,59.7,3.4,6.3,4.8,5.3,5.2,7.5,7.8,7.3,6.2,6.5,6.2,204358,14.7,41911,35.6,16757,-4.9,241661,17.5,23443,3.2,10463,28.9,0.2,176.22,7.753,1.1919,176.6,379.9,27231.13086,5,-1,0.09,0.09,0.09,0.08,-0.3,-2.2,0.7
2021/1/31,54.2,3.2,5.3,66.3,4.4,7.8,59.6,3.8,6.5,5,5.3,4.9,7.6,7.8,7.6,6.3,6.5,6.2,186556,40.4,40453,61.8,16508,22.3,229427,58.8,22525,18.7,10873,73.2,-0.3,176.21,7.753,1.20225,175.9,381.9,28283.71094,5,2.6,0.09,0.09,0.09,0.09,-1,-0.4,-2.3
2021/2/28,54.2,3.4,5.6,66.1,4.5,7.8,59.6,3.9,6.7,5.3,4.8,5.1,7.8,7.5,7.6,6.5,6.2,6.4,132042,33.9,32254,26.7,13564,-14.2,175898,31.9,19582,34.6,8767,25.4,-0.2,177.17,7.757,1.1963,174.1,384.9,28980.21094,5,0.5,0.08,0.09,0.09,0.1,2.6,-0.3,-0.4
2021/3/31,54.4,3.4,5.6,66.2,4.3,7.9,59.7,3.8,6.7,5.6,5,5.3,7.8,7.6,7.8,6.7,6.3,6.5,193590,20.2,41982,34.9,18076,12.2,255052,31.3,19682,8.2,11892,51,0.4,180.33,7.775,1.18425,175.2,389.6,28378.34961,5,0.6,0.07,0.08,0.09,0.09,0.5,-1,-2.2
2021/4/30,54.3,3,5.4,66.2,3.6,7.5,59.7,3.3,6.4,5.6,5.3,5.3,7.9,7.8,7.8,6.7,6.5,6.5,182128,21.1,47263,44.2,17153,4.8,233311,20.5,22482,22.6,11085,35.7,0.9,183.16,7.766,1.2011,177.5,391,28724.88086,5,0.8,0.07,0.07,0.09,0.09,0.6,2.6,-0.4
2021/5/31,54.5,2.4,4.9,66,3.1,7.2,59.7,2.7,6,5.4,5.6,4.8,7.5,7.8,7.5,6.4,6.7,6.2,183190,20.5,44585,46.5,17809,43.1,237343,26.9,23782,5.9,11564,33.5,1.3,185.16,7.762,1.21985,178.3,393.9,29151.80078,5,1,0.06,0.07,0.08,0.09,0.8,0.5,-0.3
2021/6/30,54.5,2.1,4.4,65.7,2.9,6.6,59.6,2.5,5.5,4.9,5.6,5,7.2,7.9,7.6,6,6.7,6.3,209902,32,45322,41.8,17650,42.7,247546,36.6,26031,19.2,11946,46.1,1.1,188.38,7.767,1.203,179.3,394,28827.94922,5,0.7,0.08,0.06,0.07,0.09,1,0.6,-1
2021/7/31,54.6,1.8,3.9,65.6,2.9,6.4,59.6,2.4,5.1,4.4,5.4,5.3,6.6,7.5,7.8,5.5,6.4,6.5,205858,25.7,50066,25.9,17262,28.7,244826,26.3,29638,26.1,12020,48.9,1,188.77,7.773,1.20285,180.3,398,25961.0293,5,3.7,0.1,0.08,0.07,0.09,0.7,0.8,2.6
2021/8/31,54.4,1.8,3.9,65.7,2.7,5.9,59.5,2.2,4.9,3.9,4.9,5.6,6.4,7.2,7.8,5.1,6,6.7,213695,28.1,47439,32.9,16562,24.7,259045,30,28666,13.2,12308,49.6,0.8,189.75,7.783,1.20515,182.6,397.5,25878.99023,5,1.6,0.09,0.1,0.06,0.08,3.7,1,0.5
2021/9/30,54.2,1.6,3.8,65.6,2.5,5.5,59.3,2.1,4.7,3.9,4.4,5.6,5.9,6.6,7.9,4.9,5.5,6.7,232067,29,50470,24.5,17459,36.2,262313,11.2,29003,11.2,12555,53.6,0.7,189.61,7.789,1.204,184.4,398.1,24575.64063,5,1.4,0.08,0.09,0.08,0.07,1.6,0.7,0.6
2021/10/31,54,1.4,3.8,65.5,2.4,5.1,59.2,1.9,4.5,3.8,3.9,5.4,5.5,6.4,7.5,4.7,5.1,6.4,209254,26,46468,30.4,17333,11.5,239210,21.5,30002,19.9,12732,48.5,1.5,186.27,7.779,1.2149,184.3,396,25377.24023,5,1.7,0.08,0.08,0.1,0.07,1.4,3.7,0.8
2021/11/30,53.8,1.3,3.5,65.3,2.4,4.8,59,1.8,4.1,3.8,3.9,4.9,5.1,5.9,7.2,4.5,4.9,6,240007,26.3,49140,38.3,18756,13.1,277912,24.1,31787,32.2,14405,63,2.3,188.34,7.802,1.2237,182.9,393.6,23475.25977,5,1.8,0.08,0.08,0.09,0.06,1.7,1.6,1
2021/12/31,53.7,1.3,3.2,65.2,2.2,4.4,58.9,1.7,3.8,3.5,3.8,4.4,4.8,5.5,6.6,4.1,4.7,5.5,247160,20.9,52166,24.5,18667,11.4,291906,20.8,28118,19.9,13778,31.7,1.5,184.55,7.798,1.2245,182.7,393.9,23397.66992,5,2.4,0.08,0.08,0.08,0.08,1.8,1.4,0.7
2022/1/31,53.6,1.4,3,65.1,2.2,4.2,58.8,1.8,3.6,3.2,3.8,3.9,4.4,5.1,6.4,3.8,4.5,5.1,214734,15.1,47261,16.8,15529,-5.9,254330,10.9,31860,41.4,16529,52,0.9,185.93,7.798,1.2239,181.1,390.8,23802.25977,5,1.2,0.08,0.08,0.08,0.1,2.4,1.7,3.7
2022/2/28,53.5,1.9,3.5,65,2.8,4.9,58.7,2.3,4.2,3,3.5,3.9,4.2,4.8,5.9,3.6,4.1,4.9,129099,-2.2,48278,49.7,16496,21.6,177756,1.1,17781,-9.2,12308,40.4,0.9,179.1,7.814,1.23795,180.2,383.6,22713.01953,5,1.6,0.08,0.08,0.08,0.09,1.2,1.8,1.6
2022/3/31,53.3,2.5,4,64.6,3.7,6,58.4,3.1,5,3.5,3.2,3.8,4.9,4.4,5.5,4.2,3.8,4.7,155119,-19.9,56317,34.1,21278,17.7,222354,-12.8,21053,7,14366,20.8,1.5,177.34,7.831,1.23325,178.5,381.4,21996.84961,5,1.7,0.2,0.08,0.08,0.08,1.6,2.4,1.4
2022/4/30,52.9,3.2,4.6,64.4,4.3,6.5,58.1,3.8,5.5,4,3,3.8,6,4.2,5.1,5,3.6,4.5,172419,-5.3,54132,14.5,21686,26.4,211353,-9.4,29511,31.3,14132,27.5,2.1,181.06,7.847,1.18155,177.3,385,21089.39063,5,1.3,0.33,0.2,0.08,0.08,1.7,1.2,1.7
2022/5/31,52.7,2.9,4.2,64.3,4.1,6.1,57.9,3.5,5.2,4.6,3.5,3.5,6.5,4.9,4.8,5.5,4.2,4.1,172628,-5.8,52383,17.5,17378,-2.4,213405,-10.1,27925,17.4,13428,16.1,2.1,180.97,7.849,1.17665,177.9,385.5,21415.19922,5,1.2,0.77,0.33,0.08,0.08,1.3,1.6,1.8
2022/6/30,52.6,2.5,4.1,64.7,3.4,5.5,58,3,4.8,4.2,4,3.2,6.1,6,4.4,5.2,5,3.8,191396,-8.8,53495,18,19485,10.4,221853,-10.4,24441,-6.1,11984,0.3,2.5,181.35,7.847,1.1714,178,381.8,21859.78906,5,1.8,1.21,0.77,0.2,0.08,1.2,1.7,2.4
2022/7/31,52.9,1.8,3.7,64.6,2.7,5.3,58.2,2.2,4.5,4.1,4.6,3,5.5,6.5,4.2,4.8,5.5,3.6,170139,-17.4,51609,3.1,16137,-6.5,218700,-10.7,24964,-15.8,11486,-4.4,2.7,177.43,7.851,1.16305,178.1,376.5,20156.50977,5,1.9,1.68,1.21,0.33,0.08,1.8,1.3,1.2
2022/8/31,52.9,1.6,3.5,64.8,2.4,5.2,58.3,2,4.3,3.7,4.2,3.5,5.3,6.1,4.9,4.5,5.2,4.2,162182,-24.1,45674,-3.7,15551,-6.1,208898,-19.4,26449,-7.7,14398,17,2.5,173.22,7.848,1.1368,179.4,368.2,19954.39063,5,1.9,2.33,1.68,0.77,0.08,1.9,1.2,1.6
2022/9/30,52.9,1.4,3.4,64.7,2.2,4.9,58.2,1.8,4.2,3.5,4.1,4,5.2,5.5,6,4.3,4.8,5,189390,-18.4,50509,0.1,19167,9.8,240041,-8.5,21893,-24.5,12089,-3.7,2.8,169.35,7.851,1.10665,179,360.3,17222.83008,5.03,4.4,2.56,2.33,1.21,0.2,1.9,1.8,1.7
2022/10/31,52.9,1.2,3.1,64.8,2.2,4.7,58.2,1.7,3.9,3.4,3.7,4.6,4.9,5.3,6.5,4.2,4.5,5.5,170988,-18.3,40262,-13.4,16121,-7,208263,-12.9,24162,-19.5,12376,-2.8,2.1,164.91,7.85,1.07595,178,350.2,14687.01953,5.13,1.8,3.08,2.56,1.68,0.33,4.4,1.9,1.3
2022/11/30,52.8,1.1,2.9,64.5,2,4.4,58.1,1.6,3.7,3.1,3.5,4.2,4.7,5.2,6.1,3.9,4.3,5.2,173431,-27.7,42779,-12.9,15475,-17.5,195351,-29.7,23256,-26.8,12086,-16.1,1.6,159.16,7.804,1.0925,176.4,338.2,18597.23047,5.35,1.8,3.78,3.08,2.33,0.77,1.8,1.9,1.2
2022/12/31,52.9,1.1,2.7,64.3,1.8,4,58,1.5,3.3,2.9,3.4,4.1,4.4,4.9,5.5,3.7,4.2,4.8,177452,-28.2,44824,-14.1,15133,-18.9,203111,-30.4,20600,-26.7,9043,-34.4,1.8,156.77,7.808,1.1281,175.5,334.7,19781.41016,5.5,2,4.1,3.78,2.56,1.21,1.8,4.4,1.8
2023/1/31,52.6,0.9,2.5,64.2,1.8,3.7,57.8,1.4,3.1,2.7,3.1,3.7,4,4.7,5.3,3.3,3.9,4.5,130715,-39.1,39034,-17.4,12422,-20,143196,-43.7,22677,-28.8,9070,-45.1,2.1,158.75,7.839,1.1599,173.6,338.3,21842.33008,5.63,2.4,4.33,4.1,3.08,1.68,2,1.8,1.9
2023/2/28,52.4,0.8,2.4,63.9,1.8,3.7,57.6,1.3,3.1,2.5,2.9,3.5,3.7,4.4,5.2,3.1,3.7,4.3,137720,6.7,33746,-30.1,16936,2.7,155221,-12.7,17565,-1.2,10352,-15.9,1,164.23,7.849,1.12775,175.1,346.8,19785.93945,5.63,1.7,4.57,4.33,3.78,2.33,2.4,1.8,1.9
2023/3/31,52.4,0.7,2.4,63.8,1.8,3.7,57.5,1.2,3,2.4,2.7,3.4,3.7,4,4.9,3.1,3.3,4.2,181303,16.9,46617,-17.2,19039,-10.5,200493,-9.8,23948,13.8,15289,6.4,0.7,168.35,7.8515,1.14295,176.2,352.3,20400.10938,5.63,1.7,4.65,4.57,4.1,2.56,1.7,2,4.4
2023/4/30,52.2,0.6,2.3,63.6,1.8,3.7,57.3,1.2,3,2.4,2.5,3.1,3.7,3.7,4.7,3,3.1,3.9,166215,-3.6,47089,-13,15522,-28.4,184143,-12.9,23630,-19.9,11565,-18.2,0.1,165.08,7.85,1.1334,178.7,354.2,19894.57031,5.63,2.1,4.83,4.65,4.33,3.08,1.7,2.4,1.8
2023/5/31,52.3,0.7,2.4,63.5,1.6,3.6,57.3,1.2,3,2.3,2.4,2.9,3.7,3.7,4.4,3,3.1,3.7,154815,-10.3,42198,-19.4,15762,-9.3,176035,-17.5,22995,-17.7,10105,-24.7,0.2,166.88,7.834,1.09965,179.9,350.4,18234.26953,5.73,2,5.06,4.83,4.57,3.78,2.1,1.7,1.8
2023/6/30,52.2,0.7,2.4,63.4,1.5,3.6,57.2,1.1,3,2.4,2.4,2.7,3.6,3.7,4,3,3,3.3,166383,-13.1,48449,-9.4,19101,-2,192725,-13.1,19028,-22.1,10513,-12.3,0,167.29,7.836,1.0784,180.9,347.3,18916.42969,5.75,1.9,5.08,5.06,4.65,4.1,2,1.7,2
2023/7/31,52.3,0.8,2.4,63.5,1.4,3.4,57.3,1.1,2.9,2.4,2.3,2.5,3.6,3.7,3.7,3,3,3.1,162446,-4.5,41616,-19.4,14646,-9.2,185403,-15.2,23522,-5.8,10561,-8,-0.3,164.72,7.802,1.0915,182,344,20078.93945,5.77,1.8,5.12,5.08,4.83,4.33,1.9,2.1,2.4
2023/8/31,52.3,0.6,2.6,63.7,1.4,3.3,57.4,1,2.9,2.4,2.4,2.4,3.4,3.6,3.7,2.9,3,3.1,169207,4.3,45058,-1.3,16396,5.4,205679,-1.5,22959,-13.2,11398,-20.8,0.1,162.4,7.847,1.07495,184.9,337,18382.06055,5.88,1.8,5.33,5.12,5.06,4.57,1.8,2,1.7
2023/9/30,52.5,0.6,2.6,63.9,1.4,3.4,57.6,1,3,2.6,2.4,2.4,3.3,3.6,3.7,2.9,3,3,191134,0.9,53079,5.1,20858,8.8,216729,-9.7,22576,3.1,14076,16.4,0,158.12,7.83,1.0739,185.2,329.1,17809.66016,5.88,2,5.33,5.33,5.08,4.65,1.8,1.9,1.7
2023/10/31,52.5,0.6,2.5,63.7,1.3,3.5,57.5,1,3,2.6,2.4,2.3,3.4,3.4,3.7,3,2.9,3,175288,2.5,44559,10.7,15308,-5,219905,5.6,24273,0.5,11575,-6.5,-0.2,153.67,7.825,1.06685,185.4,322,17112.48047,5.88,2.7,5.33,5.33,5.12,4.83,2,1.8,2.1
2023/11/30,52.4,0.6,2.4,63.4,1.3,3.5,57.4,1,2.9,2.5,2.6,2.4,3.5,3.3,3.6,3,2.9,3,187680,8.2,38952,-8.9,16307,5.4,225661,15.5,23774,2.2,11885,-1.7,-0.5,151.06,7.808,1.09475,185.5,315.6,17042.88086,5.88,2.6,5.33,5.33,5.33,5.06,2.7,1.8,2
2023/12/31,52.3,0.6,2.2,63.2,1.3,3.3,57.2,1,2.8,2.4,2.6,2.4,3.5,3.4,3.6,2.9,3,3,201315,13.4,45649,1.8,17457,15.4,220236,8.4,25878,25.6,12582,39.1,-0.3,147.21,7.811,1.0962,186,311.3,17047.39063,5.88,2.4,5.33,5.33,5.33,5.08,2.6,2,1.9
2024/1/31,52.1,0.7,2.2,63,1.4,3.2,57,1,2.7,2.2,2.5,2.4,3.3,3.5,3.4,2.8,3,2.9,181140,38.6,36171,-7.3,17255,38.9,220796,54.2,25279,11.5,13311,46.8,-0.8,146.81,7.819,1.08755,185.5,307.3,15485.07031,5.88,1.7,5.33,5.33,5.33,5.12,2.4,2.7,1.8
2024/2/29,52.2,0.6,2.1,62.8,1.4,3.3,56.9,1,2.7,2.2,2.4,2.6,3.2,3.5,3.3,2.7,2.9,2.9,123950,-10,30905,-8.4,17925,5.8,154246,-0.6,19646,11.8,8250,-20.3,0.7,145.37,7.828,1.0858,184.4,302.4,16511.43945,5.88,2.1,5.33,5.33,5.33,5.33,1.7,2.6,1.8
2024/3/31,52.3,0.7,2.3,62.7,1.5,3.6,56.9,1.1,2.9,2.1,2.2,2.6,3.3,3.3,3.4,2.7,2.8,3,188751,4.1,43851,-5.9,19947,4.8,224700,12.1,22644,-5.4,11877,-22.3,0.1,147.08,7.825,1.0786,184.9,308.1,16541.41992,5.88,2,5.33,5.33,5.33,5.33,2.1,2.4,2
2024/4/30,52.4,0.7,2.3,62.7,1.5,3.7,57,1.1,3,2.3,2.2,2.5,3.6,3.2,3.5,2.9,2.7,3,175732,5.7,37856,-19.6,13629,-12.2,223283,21.3,27676,17.1,11889,2.8,0.3,146.48,7.824,1.07795,186.9,309.6,17763.0293,5.88,1.1,5.33,5.33,5.33,5.33,2,1.7,2.7
2024/5/31,52.5,0.8,2.4,62.6,1.6,3.7,57,1.2,3.1,2.3,2.1,2.4,3.7,3.3,3.5,3,2.7,2.9,169487,9.5,40299,-4.5,15002,-4.8,217654,23.6,29105,26.6,10335,2.3,0.3,143.78,7.819,1.077,190,305.5,18079.60938,5.88,1.2,5.33,5.33,5.33,5.33,1.1,2.1,2.6
2024/6/30,52.4,0.8,2.3,62.7,1.6,3.7,57,1.2,3,2.4,2.3,2.2,3.7,3.6,3.3,3.1,2.9,2.8,185795,11.7,51879,7.1,18355,-3.9,215671,11.9,26760,40.6,14222,35.3,0.2,141.81,7.81,1.06995,192.5,302.5,17718.60938,5.88,1.5,5.33,5.33,5.33,5.33,1.2,2,2.4
2024/7/31,52.5,0.8,2.4,62.7,1.7,3.8,57.1,1.2,3.1,2.3,2.3,2.2,3.7,3.7,3.2,3,3,2.7,182201,12.2,50186,20.6,15936,8.8,228079,23,28152,19.7,10041,-4.9,0.5,141.11,7.813,1.08085,193.8,297.6,17344.59961,5.88,2.5,5.33,5.33,5.33,5.33,1.5,1.1,1.7
2024/8/31,52.4,0.9,2.5,62.8,1.6,3.9,57.1,1.2,3.2,2.4,2.4,2.1,3.8,3.7,3.3,3.1,3.1,2.7,185545,9.7,49277,9.4,15552,-5.1,232113,12.9,23609,2.8,12738,11.8,0.6,138.17,7.799,1.0999,195.1,292,17989.07031,5.88,2.5,5.33,5.33,5.33,5.33,2.5,1.2,2.1
2024/9/30,52.3,0.8,2.6,62.8,1.6,3.7,57,1.2,3.1,2.5,2.3,2.3,3.9,3.7,3.6,3.2,3,2.9,193267,1.1,62315,17.4,18806,-9.8,243323,12.3,22066,-2.3,11430,-18.8,0.4,135.86,7.77,1.11025,195.3,287.9,21133.67969,5.78,2.2,5.13,5.33,5.33,5.33,2.5,1.5,2
2024/10/31,52.1,0.8,2.6,62.7,1.5,3.7,56.8,1.1,3.2,2.6,2.4,2.3,3.7,3.8,3.7,3.1,3.1,3,179920,2.6,52650,18.2,18837,23.1,238743,8.6,25675,5.8,11508,-0.6,0.3,136.87,7.773,1.0899,192.7,291,20317.33008,5.63,1.4,4.83,5.13,5.33,5.33,2.2,2.5,1.1
2024/11/30,52.1,0.7,2.5,62.5,1.5,3.7,56.8,1.1,3.1,2.6,2.5,2.4,3.7,3.9,3.7,3.2,3.2,3.1,187771,0,53982,38.6,17495,7.3,234498,3.9,23462,-1.3,12022,1.2,0.2,138.56,7.784,1.0739,191.9,291.5,19423.60938,5.46,1.4,4.64,4.83,5.33,5.33,1.4,2.5,1.2
2024/12/31,52.2,0.6,2.3,62.6,1.6,3.6,56.9,1.1,3,2.5,2.6,2.3,3.7,3.7,3.7,3.1,3.1,3,195084,-3.1,47700,4.5,17404,-0.3,253017,14.9,21946,-15.2,13113,4.2,0.1,137.64,7.764,1.0601,192.5,289.2,20059.94922,5.33,1.4,4.48,4.64,5.13,5.33,1.4,2.2,1.5
