Date,Unemployment rate,Male unemployment rate,Female unemployment rate,Labour force participation rate,Male labour force participation rate,Female labour force participation rate,Rent index,Unemployment rate 1m lag,Male unemployment rate 1m lag,Female unemployment rate 1m lag,Unemployment rate 3m lag,Male unemployment rate 3m lag,Female unemployment rate 3m lag,Unemployment rate 6m lag,Male unemployment rate 6m lag,Female unemployment rate 6m lag,Labour force participation rate 1m lag,Male labour force participation rate 1m lag,Female labour force participation rate 1m lag,Labour force participation rate 3m lag,Male labour force participation rate 3m lag,Female labour force participation rate 3m lag,Labour force participation rate 6m lag,Male labour force participation rate 6m lag,Female labour force participation rate 6m lag,Population YoY growth rate,CPI YoY,Core CPI YoY,TAIEX Index,TWDUSD
1993/1/31,1.23,1.22,1.25,59.23,73.33,45.04,79.59,1.27,1.14,1.47,1.55,1.45,1.71,1.76,1.64,1.94,59.47,73.56,45.3,59.57,73.55,45.52,59.49,74.03,44.89,0.9,3.65,3.39,3374.56,26.872
1993/2/28,1.32,1.34,1.3,58.4,73.1,43.62,79.94,1.23,1.22,1.25,1.36,1.38,1.34,1.92,1.75,2.21,59.23,73.33,45.04,59.51,73.66,45.27,59.93,74.43,45.38,0.94,3.06,2.36,4384.67,27.232
1993/3/31,1.34,1.29,1.42,58.52,72.92,44.05,80.35,1.32,1.34,1.3,1.27,1.14,1.47,1.72,1.58,1.93,58.4,73.1,43.62,59.47,73.56,45.3,59.6,73.52,45.62,0.93,3.24,2.7,4825.29,27.325
1993/4/30,1.34,1.32,1.38,58.64,72.74,44.46,80.75,1.34,1.29,1.42,1.23,1.22,1.25,1.55,1.45,1.71,58.52,72.92,44.05,59.23,73.33,45.04,59.57,73.55,45.52,0.92,2.77,3.17,4563.52,27.509
1993/5/31,1.29,1.28,1.3,58.59,72.42,44.68,81,1.34,1.32,1.38,1.32,1.34,1.3,1.36,1.38,1.34,58.64,72.74,44.46,58.4,73.1,43.62,59.51,73.66,45.27,0.92,2.08,3.02,4267.89,27.404
1993/6/30,1.4,1.3,1.56,58.38,72.04,44.65,81.2,1.29,1.28,1.3,1.34,1.29,1.42,1.27,1.14,1.47,58.59,72.42,44.68,58.52,72.92,44.05,59.47,73.56,45.3,0.91,4.35,3.23,3995.51,27.527
1993/7/31,1.71,1.43,2.17,58.79,72.63,44.88,81.59,1.4,1.3,1.56,1.34,1.32,1.38,1.23,1.22,1.25,58.38,72.04,44.65,58.64,72.74,44.46,59.23,73.33,45.04,0.91,3.29,3.19,3960.38,27.896
1993/8/31,1.9,1.52,2.51,59.75,72.77,46.65,82.17,1.71,1.43,2.17,1.29,1.28,1.3,1.32,1.34,1.3,58.79,72.63,44.88,58.59,72.42,44.68,58.4,73.1,43.62,0.92,3.33,3,3892.04,28.189
1993/9/30,1.58,1.44,1.8,59.44,72.51,46.29,82.91,1.9,1.52,2.51,1.4,1.3,1.56,1.34,1.29,1.42,59.75,72.77,46.65,58.38,72.04,44.65,58.52,72.92,44.05,0.91,0.74,2.86,3832.69,28.145
1993/10/31,1.58,1.52,1.68,59.15,72.64,45.59,83.15,1.58,1.44,1.8,1.71,1.43,2.17,1.34,1.32,1.38,59.44,72.51,46.29,58.79,72.63,44.88,58.64,72.74,44.46,0.9,1.22,3.18,4131.68,28.109
1993/11/30,1.39,1.37,1.41,58.57,72.54,44.51,83.46,1.58,1.52,1.68,1.9,1.52,2.51,1.29,1.28,1.3,59.15,72.64,45.59,59.75,72.77,46.65,58.59,72.42,44.68,0.88,3.09,3.32,4353.89,28.098
1993/12/31,1.24,1.24,1.25,58.37,72.37,44.29,83.66,1.39,1.37,1.41,1.58,1.44,1.8,1.4,1.3,1.56,58.57,72.54,44.51,59.44,72.51,46.29,58.38,72.04,44.65,0.92,4.63,3.52,6070.56,27.986
1994/1/31,1.2,1.2,1.21,58.8,72.71,44.79,83.93,1.24,1.24,1.25,1.58,1.52,1.68,1.71,1.43,2.17,58.37,72.37,44.29,59.15,72.64,45.59,58.79,72.63,44.88,0.94,2.9,2.64,6115.12,27.784
1994/2/28,1.66,1.69,1.61,57.97,72.23,43.61,84.34,1.2,1.2,1.21,1.39,1.37,1.41,1.9,1.52,2.51,58.8,72.71,44.79,58.57,72.54,44.51,59.75,72.77,46.65,0.92,3.93,4.51,5414.64,27.611
1994/3/31,1.52,1.64,1.34,59,72.67,45.25,84.77,1.66,1.69,1.61,1.24,1.24,1.25,1.58,1.44,1.8,57.97,72.23,43.61,58.37,72.37,44.29,59.44,72.51,46.29,0.94,3.31,3.5,5249.22,27.208
1994/4/30,1.38,1.4,1.34,58.67,72.44,44.82,84.91,1.52,1.64,1.34,1.2,1.2,1.21,1.58,1.52,1.68,59,72.67,45.25,58.8,72.71,44.79,59.15,72.64,45.59,0.94,3.06,3.15,5737.33,27.112
1994/5/31,1.43,1.48,1.35,58.63,72.11,45.06,84.98,1.38,1.4,1.34,1.66,1.69,1.61,1.39,1.37,1.41,58.67,72.44,44.82,57.97,72.23,43.61,58.57,72.54,44.51,0.95,4.38,3.53,5891.56,27.495
1994/6/30,1.53,1.52,1.56,58.48,72.02,44.87,85.12,1.43,1.48,1.35,1.52,1.64,1.34,1.24,1.24,1.25,58.63,72.11,45.06,59,72.67,45.25,58.37,72.37,44.29,0.97,2.13,3.36,5932.6,27.802
1994/7/31,1.85,1.57,2.31,59.21,72.73,45.6,85.53,1.53,1.52,1.56,1.38,1.4,1.34,1.2,1.2,1.21,58.48,72.02,44.87,58.67,72.44,44.82,58.8,72.71,44.79,0.94,4.16,3.6,6720.05,27.401
1994/8/31,1.99,1.69,2.46,59.85,72.8,46.82,85.87,1.85,1.57,2.31,1.43,1.48,1.35,1.66,1.69,1.61,59.21,72.73,45.6,58.63,72.11,45.06,57.97,72.23,43.61,0.95,7.04,3.82,7008.11,27.304
1994/9/30,1.65,1.58,1.77,59.06,72.09,45.94,86.16,1.99,1.69,2.46,1.53,1.52,1.56,1.52,1.64,1.34,59.85,72.8,46.82,58.48,72.02,44.87,59,72.67,45.25,0.94,6.69,3.22,7091.13,27.017
1994/10/31,1.62,1.53,1.77,59.35,72.44,46.18,86.35,1.65,1.58,1.77,1.85,1.57,2.31,1.38,1.4,1.34,59.06,72.09,45.94,59.21,72.73,45.6,58.67,72.44,44.82,0.95,5.07,2.94,6526.47,26.83
1994/11/30,1.48,1.47,1.5,59.28,72.46,46.01,86.56,1.62,1.53,1.77,1.99,1.69,2.46,1.43,1.48,1.35,59.35,72.44,46.18,59.85,72.8,46.82,58.63,72.11,45.06,0.96,3.88,2.89,6363.72,26.844
1994/12/31,1.41,1.34,1.53,59.22,72.52,45.83,86.69,1.48,1.47,1.5,1.65,1.58,1.77,1.53,1.52,1.56,59.28,72.46,46.01,59.06,72.09,45.94,58.48,72.02,44.87,0.87,2.66,2.79,7124.66,27.056
1995/1/31,1.38,1.3,1.51,59.25,72.83,45.59,87.05,1.41,1.34,1.53,1.62,1.53,1.77,1.85,1.57,2.31,59.22,72.52,45.83,59.35,72.44,46.18,59.21,72.73,45.6,0.88,5.24,3.76,6307.85,27.08
1995/2/28,1.7,1.74,1.64,58.82,72.42,45.14,87.21,1.38,1.3,1.51,1.48,1.47,1.5,1.99,1.69,2.46,59.25,72.83,45.59,59.28,72.46,46.01,59.85,72.8,46.82,0.87,3.45,1.94,6509.33,27.031
1995/3/31,1.53,1.63,1.35,58.57,72.17,44.89,87.64,1.7,1.74,1.64,1.41,1.34,1.53,1.65,1.58,1.77,58.82,72.42,45.14,59.22,72.52,45.83,59.06,72.09,45.94,0.85,3.87,3.05,6524,26.847
1995/4/30,1.53,1.63,1.38,58.6,72.13,45.03,87.83,1.53,1.63,1.35,1.38,1.3,1.51,1.62,1.53,1.77,58.57,72.17,44.89,59.25,72.83,45.59,59.35,72.44,46.18,0.86,4.44,3.59,5803.78,26.217
1995/5/31,1.63,1.66,1.58,58.51,71.56,45.44,88.04,1.53,1.63,1.38,1.7,1.74,1.64,1.48,1.47,1.5,58.6,72.13,45.03,58.82,72.42,45.14,59.28,72.46,46.01,0.85,3.28,3.42,5674.55,26.22
1995/6/30,1.77,1.83,1.68,58.35,71.54,45.12,88.32,1.63,1.66,1.58,1.53,1.63,1.35,1.41,1.34,1.53,58.51,71.56,45.44,58.57,72.17,44.89,59.22,72.52,45.83,0.86,4.67,3.79,5444.97,26.399
1995/7/31,1.95,1.83,2.14,58.96,72.08,45.8,88.58,1.77,1.83,1.68,1.53,1.63,1.38,1.38,1.3,1.51,58.35,71.54,45.12,58.6,72.13,45.03,59.25,72.83,45.59,0.87,3.83,3.49,5180.42,26.962
1995/8/31,2.09,1.84,2.49,59.01,72.21,45.79,88.72,1.95,1.83,2.14,1.63,1.66,1.58,1.7,1.74,1.64,58.96,72.08,45.8,58.51,71.56,45.44,58.82,72.42,45.14,0.85,1.71,3.43,4809.93,27.849
1995/9/30,2.03,1.94,2.18,58.56,71.94,45.15,88.99,2.09,1.84,2.49,1.77,1.83,1.68,1.53,1.63,1.35,59.01,72.21,45.79,58.35,71.54,45.12,58.57,72.17,44.89,0.86,2.01,3.99,5033.06,28.237
1995/10/31,2.02,2.1,1.9,58.67,71.93,45.39,89.19,2.03,1.94,2.18,1.95,1.83,2.14,1.53,1.63,1.38,58.56,71.94,45.15,58.96,72.08,45.8,58.6,72.13,45.03,0.84,2.86,3.95,4817.04,27.713
1995/11/30,1.95,2.05,1.78,58.58,71.84,45.31,89.47,2.02,2.1,1.9,2.09,1.84,2.49,1.63,1.66,1.58,58.67,71.93,45.39,59.01,72.21,45.79,58.51,71.56,45.44,0.84,4.22,4.15,4777.2,28.022
1995/12/31,1.9,1.88,1.95,58.62,71.74,45.48,89.54,1.95,2.05,1.78,2.03,1.94,2.18,1.77,1.83,1.68,58.58,71.84,45.31,58.56,71.94,45.15,58.35,71.54,45.12,0.84,4.56,4.1,5173.72,28.025
1996/1/31,2.03,2.15,1.84,58.68,71.86,45.5,89.98,1.9,1.88,1.95,2.02,2.1,1.9,1.95,1.83,2.14,58.62,71.74,45.48,58.67,71.93,45.39,58.96,72.08,45.8,0.84,2.3,3.22,4763.39,28.223
1996/2/29,2.1,2.28,1.81,58.82,71.9,45.75,90.18,2.03,2.15,1.84,1.95,2.05,1.78,2.09,1.84,2.49,58.68,71.86,45.5,58.58,71.84,45.31,59.01,72.21,45.79,0.86,3.74,4.77,4797.67,28.014
1996/3/31,2.24,2.48,1.87,58.2,71,45.4,90.31,2.1,2.28,1.81,1.9,1.88,1.95,2.03,1.94,2.18,58.82,71.9,45.75,58.62,71.74,45.48,58.56,71.94,45.15,0.82,3.01,3.79,5032.35,28.322
1996/4/30,2.21,2.44,1.86,58.07,70.66,45.49,90.35,2.24,2.48,1.87,2.03,2.15,1.84,2.02,2.1,1.9,58.2,71,45.4,58.68,71.86,45.5,58.67,71.93,45.39,0.78,2.82,3.32,6134.28,28.022
1996/5/31,2.35,2.51,2.11,58.28,70.29,46.28,90.42,2.21,2.44,1.86,2.1,2.28,1.81,1.95,2.05,1.78,58.07,70.66,45.49,58.82,71.9,45.75,58.58,71.84,45.31,0.76,2.89,3.36,5966.82,28.131
1996/6/30,2.6,2.77,2.34,58.11,70.34,45.9,90.54,2.35,2.51,2.11,2.24,2.48,1.87,1.9,1.88,1.95,58.28,70.29,46.28,58.2,71,45.4,58.62,71.74,45.48,0.78,2.39,3.18,6560.41,28.452
1996/7/31,2.97,2.93,3.03,58.35,70.98,45.74,90.73,2.6,2.77,2.34,2.21,2.44,1.86,2.03,2.15,1.84,58.11,70.34,45.9,58.07,70.66,45.49,58.68,71.86,45.5,0.77,1.46,3.07,6106.97,28.344
1996/8/31,3.19,3.14,3.28,58.23,71.12,45.37,90.84,2.97,2.93,3.03,2.35,2.51,2.11,2.1,2.28,1.81,58.35,70.98,45.74,58.28,70.29,46.28,58.82,71.9,45.75,0.76,5.05,3.42,6324.6,28.226
1996/9/30,3.03,3.03,3.03,58.52,71.58,45.5,90.93,3.19,3.14,3.28,2.6,2.77,2.34,2.24,2.48,1.87,58.23,71.12,45.37,58.11,70.34,45.9,58.2,71,45.4,0.74,3.84,2.98,6504.68,28.326
1996/10/31,3.05,3.09,2.98,58.47,71.4,45.58,90.98,3.03,3.03,3.03,2.97,2.93,3.03,2.21,2.44,1.86,58.52,71.58,45.5,58.35,70.98,45.74,58.07,70.66,45.49,0.74,3.69,2.86,6426.09,28.322
1996/11/30,2.86,3.02,2.61,58.7,71.31,46.14,91.05,3.05,3.09,2.98,3.19,3.14,3.28,2.35,2.51,2.11,58.47,71.4,45.58,58.23,71.12,45.37,58.28,70.29,46.28,0.72,3.2,2.53,6826.06,28.322
1996/12/31,2.6,2.81,2.28,58.81,71.18,46.49,90.99,2.86,3.02,2.61,3.03,3.03,3.03,2.6,2.77,2.34,58.7,71.31,46.14,58.52,71.58,45.5,58.11,70.34,45.9,0.79,2.53,2.3,6933.94,28.131
1997/1/31,2.68,2.83,2.43,58.76,71.36,46.2,91.08,2.6,2.81,2.28,3.05,3.09,2.98,2.97,2.93,3.03,58.81,71.18,46.49,58.47,71.4,45.58,58.35,70.98,45.74,0.81,1.97,1.85,7283.4,28.142
1997/2/28,2.97,3.28,2.49,58.2,70.87,45.58,91.18,2.68,2.83,2.43,2.86,3.02,2.61,3.19,3.14,3.28,58.76,71.36,46.2,58.7,71.31,46.14,58.23,71.12,45.37,0.8,2.07,1.91,7875.32,28.274
1997/3/31,2.79,3.12,2.28,58.3,70.75,45.9,91.36,2.97,3.28,2.49,2.6,2.81,2.28,3.03,3.03,3.03,58.2,70.87,45.58,58.81,71.18,46.49,58.52,71.58,45.5,0.79,1.1,1.32,8004.2,28.374
1997/4/30,2.59,2.88,2.15,58.09,70.49,45.75,91.4,2.79,3.12,2.28,2.68,2.83,2.43,3.05,3.09,2.98,58.3,70.75,45.9,58.76,71.36,46.2,58.47,71.4,45.58,0.82,0.5,1.13,8485.66,28.59
1997/5/31,2.51,2.82,2.05,58.11,70.43,45.86,91.55,2.59,2.88,2.15,2.97,3.28,2.49,2.86,3.02,2.61,58.09,70.49,45.75,58.2,70.87,45.58,58.7,71.31,46.14,0.82,0.75,1.3,8163.11,28.572
1997/6/30,2.67,2.99,2.19,58.11,70.61,45.67,91.59,2.51,2.82,2.05,2.79,3.12,2.28,2.6,2.81,2.28,58.11,70.43,45.86,58.3,70.75,45.9,58.81,71.18,46.49,0.82,1.83,1.39,9030.28,28.678
1997/7/31,2.85,2.94,2.72,58.34,71.15,45.61,91.7,2.67,2.99,2.19,2.59,2.88,2.15,2.68,2.83,2.43,58.11,70.61,45.67,58.09,70.49,45.75,58.76,71.36,46.2,0.85,3.31,1.13,10066.35,28.896
1997/8/31,3.03,3.1,2.93,58.41,71.4,45.5,91.78,2.85,2.94,2.72,2.51,2.82,2.05,2.97,3.28,2.49,58.34,71.15,45.61,58.11,70.43,45.86,58.2,70.87,45.58,0.89,-0.58,0.62,9756.46,29.553
1997/9/30,2.84,3.05,2.51,58.17,71.45,44.98,91.94,3.03,3.1,2.93,2.67,2.99,2.19,2.79,3.12,2.28,58.41,71.4,45.5,58.11,70.61,45.67,58.3,70.75,45.9,0.93,0.64,0.9,8708.83,29.553
1997/10/31,2.63,2.78,2.4,58.32,71.59,45.13,92.12,2.84,3.05,2.51,2.85,2.94,2.72,2.59,2.88,2.15,58.17,71.45,44.98,58.34,71.15,45.61,58.09,70.49,45.75,0.96,-0.33,0.41,7313.4,30.333
1997/11/30,2.6,2.83,2.22,58.49,71.65,45.42,92.14,2.63,2.78,2.4,3.03,3.1,2.93,2.51,2.82,2.05,58.32,71.59,45.13,58.41,71.4,45.5,58.11,70.43,45.86,0.98,-0.51,0.58,7797.19,31.942
1997/12/31,2.45,2.7,2.06,58.65,71.28,46.13,92.22,2.6,2.83,2.22,2.84,3.05,2.51,2.67,2.99,2.19,58.49,71.65,45.42,58.17,71.45,44.98,58.11,70.61,45.67,0.99,0.27,0.86,8187.27,33.094
1998/1/31,2.35,2.52,2.07,58.5,71.35,45.77,92.34,2.45,2.7,2.06,2.63,2.78,2.4,2.85,2.94,2.72,58.65,71.28,46.13,58.32,71.59,45.13,58.34,71.15,45.61,1,2,2.06,8085.47,34.717
1998/2/28,2.57,2.8,2.2,58.01,70.99,45.13,92.5,2.35,2.52,2.07,2.6,2.83,2.22,3.03,3.1,2.93,58.5,71.35,45.77,58.49,71.65,45.42,58.41,71.4,45.5,1.01,0.29,-0.35,9202.56,34.4
1998/3/31,2.34,2.67,1.82,58.1,70.95,45.37,92.55,2.57,2.8,2.2,2.45,2.7,2.06,2.84,3.05,2.51,58.01,70.99,45.13,58.65,71.28,46.13,58.17,71.45,44.98,1.05,2.47,0.78,9091.16,32.962
1998/4/30,2.29,2.53,1.91,57.87,70.76,45.1,92.95,2.34,2.67,1.82,2.35,2.52,2.07,2.63,2.78,2.4,58.1,70.95,45.37,58.5,71.35,45.77,58.32,71.59,45.13,1.06,2.12,1.04,8304.2,33.258
1998/5/31,2.37,2.73,1.8,57.84,70.22,45.57,92.97,2.29,2.53,1.91,2.57,2.8,2.2,2.6,2.83,2.22,57.87,70.76,45.1,58.01,70.99,45.13,58.49,71.65,45.42,1.07,1.66,0.51,7903.34,33.401
1998/6/30,2.7,2.95,2.32,57.8,70.36,45.34,93.06,2.37,2.73,1.8,2.34,2.67,1.82,2.45,2.7,2.06,57.84,70.22,45.57,58.1,70.95,45.37,58.65,71.28,46.13,1.07,1.45,0.18,7548.81,34.128
1998/7/31,2.93,2.88,3.01,58,70.62,45.5,93.11,2.7,2.95,2.32,2.29,2.53,1.91,2.35,2.52,2.07,57.8,70.36,45.34,57.87,70.76,45.1,58.5,71.35,45.77,1.03,0.84,0.66,7653.51,34.58
1998/8/31,3.05,3,3.12,58.09,70.52,45.78,93.11,2.93,2.88,3.01,2.37,2.73,1.8,2.57,2.8,2.2,58,70.62,45.5,57.84,70.22,45.57,58.01,70.99,45.13,1.01,0.45,0.89,6550.11,34.896
1998/9/30,2.98,3.23,2.61,57.83,70.34,45.44,93.2,3.05,3,3.12,2.7,2.95,2.32,2.34,2.67,1.82,58.09,70.52,45.78,57.8,70.36,45.34,58.1,70.95,45.37,0.97,0.4,1.11,6833.95,34.427
1998/10/31,2.98,3.26,2.56,58.05,70.22,45.99,93.23,2.98,3.23,2.61,2.93,2.88,3.01,2.29,2.53,1.91,57.83,70.34,45.44,58,70.62,45.5,57.87,70.76,45.1,0.93,2.58,2.05,7165.98,32.957
1998/11/30,2.93,3.31,2.36,58.22,70.4,46.14,93.31,2.98,3.26,2.56,3.05,3,3.12,2.37,2.73,1.8,58.05,70.22,45.99,58.09,70.52,45.78,57.84,70.22,45.57,0.9,3.91,1.96,7177.22,32.258
1998/12/31,2.8,3.21,2.18,58.12,70.3,46.05,93.39,2.93,3.31,2.36,2.98,3.23,2.61,2.7,2.95,2.32,58.22,70.4,46.14,57.83,70.34,45.44,57.8,70.36,45.34,0.86,2.12,1.83,6418.43,31.872
1999/1/31,2.76,3.15,2.16,58.1,70.51,45.78,93.56,2.8,3.21,2.18,2.98,3.26,2.56,2.93,2.88,3.01,58.12,70.3,46.05,58.05,70.22,45.99,58,70.62,45.5,0.85,0.4,0.48,5998.32,31.75
1999/2/28,2.73,3.09,2.18,57.92,70.06,45.88,93.6,2.76,3.15,2.16,2.93,3.31,2.36,3.05,3,3.12,58.1,70.51,45.78,58.22,70.4,46.14,58.09,70.52,45.78,0.84,2.1,3.3,6318.52,31.885
1999/3/31,2.84,3.38,2.03,57.52,69.66,45.47,93.57,2.73,3.09,2.18,2.8,3.21,2.18,2.98,3.23,2.61,57.92,70.06,45.88,58.12,70.3,46.05,57.83,70.34,45.44,0.83,-0.46,1.57,6881.72,32.555
1999/4/30,2.75,3.16,2.11,57.55,69.82,45.37,93.57,2.84,3.38,2.03,2.76,3.15,2.16,2.98,3.26,2.56,57.52,69.66,45.47,58.1,70.51,45.78,58.05,70.22,45.99,0.82,-0.09,1.51,7371.17,32.97
1999/5/31,2.84,3.24,2.23,57.8,69.37,46.32,93.54,2.75,3.16,2.11,2.73,3.09,2.18,2.93,3.31,2.36,57.55,69.82,45.37,57.92,70.06,45.88,58.22,70.4,46.14,0.82,0.5,1.31,7316.57,32.843
1999/6/30,2.92,3.23,2.46,57.99,69.73,46.34,93.57,2.84,3.24,2.23,2.84,3.38,2.03,2.8,3.21,2.18,57.8,69.37,46.32,57.52,69.66,45.47,58.12,70.3,46.05,0.8,-0.85,1.48,8467.37,32.584
1999/7/31,3.11,3.27,2.86,58.18,70.12,46.34,93.55,2.92,3.23,2.46,2.75,3.16,2.11,2.76,3.15,2.16,57.99,69.73,46.34,57.55,69.82,45.37,58.1,70.51,45.78,0.79,-0.83,1.14,7326.75,32.597
1999/8/31,3.22,3.38,2.97,58.26,70.37,46.25,93.48,3.11,3.27,2.86,2.84,3.24,2.23,2.73,3.09,2.18,58.18,70.12,46.34,57.8,69.37,46.32,57.92,70.06,45.88,0.77,1.14,1.32,8157.73,32.074
1999/9/30,3.08,3.2,2.9,57.76,69.63,45.98,93.52,3.22,3.38,2.97,2.92,3.23,2.46,2.84,3.38,2.03,58.26,70.37,46.25,57.99,69.73,46.34,57.52,69.66,45.47,0.76,0.58,0.81,7598.79,31.951
1999/10/31,3.05,3.24,2.77,57.94,69.74,46.22,93.46,3.08,3.2,2.9,3.11,3.27,2.86,2.75,3.16,2.11,57.76,69.63,45.98,58.18,70.12,46.34,57.55,69.82,45.37,0.75,0.42,0.87,7854.85,32.228
1999/11/30,2.94,3.18,2.59,58.1,70.03,46.27,93.47,3.05,3.24,2.77,3.22,3.38,2.97,2.84,3.24,2.23,57.94,69.74,46.22,58.26,70.37,46.25,57.8,69.37,46.32,0.75,-0.9,0.61,7720.834961,32.107
1999/12/31,2.85,3.29,2.2,58.08,70.11,46.14,93.49,2.94,3.18,2.59,3.08,3.2,2.9,2.92,3.23,2.46,58.1,70.03,46.27,57.76,69.63,45.98,57.99,69.73,46.34,0.75,0.15,0.47,8448.799805,31.722
2000/1/31,2.74,3.24,1.97,57.92,70.21,45.73,93.51,2.85,3.29,2.2,3.05,3.24,2.77,3.11,3.27,2.86,58.08,70.11,46.14,57.94,69.74,46.22,58.18,70.12,46.34,0.75,0.51,0.41,9744.844727,31.237
2000/2/29,2.91,3.35,2.24,57.41,69.73,45.18,93.52,2.74,3.24,1.97,2.94,3.18,2.59,3.22,3.38,2.97,57.92,70.21,45.73,58.1,70.03,46.27,58.26,70.37,46.25,0.76,0.92,0.5,9435.898438,31.124
2000/3/31,2.83,3.38,1.99,57.43,69.53,45.42,93.59,2.91,3.35,2.24,2.85,3.29,2.2,3.08,3.2,2.9,57.41,69.73,45.18,58.08,70.11,46.14,57.76,69.63,45.98,0.77,1.12,0.68,9854.905273,31.136
2000/4/30,2.73,3.18,2.05,57.44,69.45,45.52,93.6,2.83,3.38,1.99,2.74,3.24,1.97,3.05,3.24,2.77,57.43,69.53,45.42,57.92,70.21,45.73,57.94,69.74,46.22,0.76,1.23,0.66,8824.320313,30.779
2000/5/31,2.78,3.26,2.07,57.51,69.27,45.82,93.62,2.73,3.18,2.05,2.91,3.35,2.24,2.94,3.18,2.59,57.44,69.45,45.52,57.41,69.73,45.18,58.1,70.03,46.27,0.75,1.59,0.8,8939.478516,30.913
2000/6/30,2.89,3.3,2.28,57.6,69.3,45.98,93.6,2.78,3.26,2.07,2.83,3.38,1.99,2.85,3.29,2.2,57.51,69.27,45.82,57.43,69.53,45.42,58.08,70.11,46.14,0.75,1.36,0.73,8265.049805,30.921
2000/7/31,3.06,3.34,2.65,57.8,69.39,46.29,93.6,2.89,3.3,2.28,2.73,3.18,2.05,2.74,3.24,1.97,57.6,69.3,45.98,57.44,69.45,45.52,57.92,70.21,45.73,0.75,1.45,0.77,8114.882324,31.056
2000/8/31,3.16,3.35,2.89,57.91,69.48,46.42,93.59,3.06,3.34,2.65,2.78,3.26,2.07,2.91,3.35,2.24,57.8,69.39,46.29,57.51,69.27,45.82,57.41,69.73,45.18,0.75,0.27,0.46,7616.944824,31.192
2000/9/30,3.1,3.29,2.81,57.66,69.14,46.27,93.88,3.16,3.35,2.89,2.89,3.3,2.28,2.83,3.38,1.99,57.91,69.48,46.42,57.6,69.3,45.98,57.43,69.53,45.42,0.77,1.62,0.85,6432.330078,31.313
2000/10/31,3.19,3.41,2.85,57.76,69.1,46.49,93.9,3.1,3.29,2.81,3.06,3.34,2.65,2.73,3.18,2.05,57.66,69.14,46.27,57.8,69.39,46.29,57.44,69.45,45.52,0.79,1.01,0.79,5544.155273,31.82
2000/11/30,3.23,3.6,2.69,57.87,69.23,46.58,93.83,3.19,3.41,2.85,3.16,3.35,2.89,2.78,3.26,2.07,57.76,69.1,46.49,57.91,69.48,46.42,57.51,69.27,45.82,0.81,2.25,0.79,5256.90625,32.357
2000/12/31,3.27,3.66,2.7,57.85,69.22,46.56,93.87,3.23,3.6,2.69,3.1,3.29,2.81,2.89,3.3,2.28,57.87,69.23,46.58,57.66,69.14,46.27,57.6,69.3,45.98,0.83,1.64,0.74,4743.918457,32.765
2001/1/31,3.35,3.81,2.67,57.45,69.04,45.94,93.83,3.27,3.66,2.7,3.19,3.41,2.85,3.06,3.34,2.65,57.85,69.22,46.56,57.76,69.1,46.49,57.8,69.39,46.29,0.82,2.36,2.21,5936.172852,32.769
2001/2/28,3.73,4.26,2.94,57.07,68.57,45.66,93.84,3.35,3.81,2.67,3.23,3.6,2.69,3.16,3.35,2.89,57.45,69.04,45.94,57.87,69.23,46.58,57.91,69.48,46.42,0.8,-1.02,-0.97,5674.664551,32.496
2001/3/31,3.89,4.46,3.04,57.02,68.4,45.72,93.81,3.73,4.26,2.94,3.27,3.66,2.7,3.1,3.29,2.81,57.07,68.57,45.66,57.85,69.22,46.56,57.66,69.14,46.27,0.77,0.43,0.61,5797.894043,32.632
2001/4/30,3.96,4.6,3,56.82,68.2,45.54,93.63,3.89,4.46,3.04,3.35,3.81,2.67,3.19,3.41,2.85,57.02,68.4,45.72,57.45,69.04,45.94,57.76,69.1,46.49,0.76,0.43,0.34,5381.645508,32.765
2001/5/31,4.22,4.91,3.21,56.84,67.91,45.87,93.64,3.96,4.6,3,3.73,4.26,2.94,3.23,3.6,2.69,56.82,68.2,45.54,57.07,68.57,45.66,57.87,69.23,46.58,0.74,-0.22,0.2,5048.836426,33.183
2001/6/30,4.51,5.09,3.65,57.09,68.09,46.19,93.59,4.22,4.91,3.21,3.89,4.46,3.04,3.27,3.66,2.7,56.84,67.91,45.87,57.02,68.4,45.72,57.85,69.22,46.56,0.73,-0.15,-0.28,4883.407715,34.052
2001/7/31,4.92,5.43,4.18,57.34,68.52,46.25,93.61,4.51,5.09,3.65,3.96,4.6,3,3.35,3.81,2.67,57.09,68.09,46.19,56.82,68.2,45.54,57.45,69.04,45.94,0.71,0.1,-0.1,4352.959961,34.658
2001/8/31,5.17,5.67,4.45,57.51,68.75,46.37,93.54,4.92,5.43,4.18,4.22,4.91,3.21,3.73,4.26,2.94,57.34,68.52,46.25,56.84,67.91,45.87,57.07,68.57,45.66,0.69,0.45,-0.02,4509.419434,34.202
2001/9/30,5.26,5.79,4.49,57.33,68.54,46.22,93.51,5.17,5.67,4.45,4.51,5.09,3.65,3.89,4.46,3.04,57.51,68.75,46.37,57.09,68.09,46.19,57.02,68.4,45.72,0.65,-0.51,-0.85,3636.923096,34.211
2001/10/31,5.33,5.91,4.48,57.35,68.43,46.37,93.47,5.26,5.79,4.49,4.92,5.43,4.18,3.96,4.6,3,57.33,68.54,46.22,57.34,68.52,46.25,56.82,68.2,45.54,0.62,0.98,-0.54,3903.472168,34.361
2001/11/30,5.28,5.97,4.28,57.46,68.55,46.49,93.35,5.33,5.91,4.48,5.17,5.67,4.45,4.22,4.91,3.21,57.35,68.43,46.37,57.51,68.75,46.37,56.84,67.91,45.87,0.59,-1.14,-0.61,4441.099609,34.361
2001/12/31,5.22,5.99,4.1,57.53,68.63,46.55,93.18,5.28,5.97,4.28,5.26,5.79,4.49,4.51,5.09,3.65,57.46,68.55,46.49,57.33,68.54,46.22,57.09,68.09,46.19,0.56,-1.68,-0.66,5551.215332,34.202
2002/1/31,5.14,5.98,3.91,57.58,68.66,46.61,93.08,5.22,5.99,4.1,5.33,5.91,4.48,4.92,5.43,4.18,57.53,68.63,46.55,57.35,68.43,46.37,57.34,68.52,46.25,0.53,-1.68,-0.97,5872.113281,34.352
2002/2/28,5.12,6.01,3.82,57.34,68.48,46.34,92.98,5.14,5.98,3.91,5.28,5.97,4.28,5.17,5.67,4.45,57.58,68.66,46.61,57.46,68.55,46.49,57.51,68.75,46.37,0.53,1.42,2.08,5696.084473,34.361
2002/3/31,5.16,5.93,4.05,57.29,68.24,46.47,92.94,5.12,6.01,3.82,5.22,5.99,4.1,5.26,5.79,4.49,57.34,68.48,46.34,57.53,68.63,46.55,57.33,68.54,46.22,0.52,0.01,0.29,6167.441406,34.509
2002/4/30,4.98,5.82,3.77,57.27,68.17,46.49,92.9,5.16,5.93,4.05,5.14,5.98,3.91,5.33,5.91,4.48,57.29,68.24,46.47,57.58,68.66,46.61,57.35,68.43,46.37,0.53,0.21,0.59,6065.702148,34.662
2002/5/31,5.02,5.87,3.78,57.31,68.13,46.61,92.8,4.98,5.82,3.77,5.12,6.01,3.82,5.28,5.97,4.28,57.27,68.17,46.49,57.34,68.48,46.34,57.46,68.55,46.49,0.52,-0.26,0.52,5675.624512,34.206
2002/6/30,5.11,5.91,3.96,57.33,68.21,46.57,92.76,5.02,5.87,3.78,5.16,5.93,4.05,5.22,5.99,4.1,57.31,68.13,46.61,57.29,68.24,46.47,57.53,68.63,46.55,0.51,0.11,0.86,5153.686035,33.762
2002/7/31,5.23,5.96,4.19,57.44,68.31,46.7,92.66,5.11,5.91,3.96,4.98,5.82,3.77,5.14,5.98,3.91,57.33,68.21,46.57,57.27,68.17,46.49,57.58,68.66,46.61,0.51,0.43,0.72,4940.357422,33.187
2002/8/31,5.35,6.02,4.39,57.49,68.32,46.79,92.62,5.23,5.96,4.19,5.02,5.87,3.78,5.12,6.01,3.82,57.44,68.31,46.7,57.31,68.13,46.61,57.34,68.48,46.34,0.5,-0.27,0.58,4764.918457,33.329
2002/9/30,5.32,5.97,4.39,57.24,68.12,46.48,92.58,5.35,6.02,4.39,5.11,5.91,3.96,5.16,5.93,4.05,57.49,68.32,46.79,57.33,68.21,46.57,57.29,68.24,46.47,0.51,-0.77,1.01,4191.790039,34.057
2002/10/31,5.31,5.87,4.5,57.22,68,46.57,92.45,5.32,5.97,4.39,5.23,5.96,4.19,4.98,5.82,3.77,57.24,68.12,46.48,57.44,68.31,46.7,57.27,68.17,46.49,0.5,-1.7,0.77,4579.119141,34.357
2002/11/30,5.22,5.82,4.34,57.29,68.03,46.68,92.41,5.31,5.87,4.5,5.35,6.02,4.39,5.02,5.87,3.78,57.22,68,46.57,57.49,68.32,46.79,57.31,68.13,46.61,0.5,-0.56,0.74,4646.668945,34.357
2002/12/31,5.04,5.74,4.04,57.29,68,46.72,92.27,5.22,5.82,4.34,5.32,5.97,4.39,5.11,5.91,3.96,57.29,68.03,46.68,57.24,68.12,46.48,57.33,68.21,46.57,0.51,0.78,0.74,4452.429688,34.202
2003/1/31,5.03,5.75,4,57.34,67.99,46.84,92.17,5.04,5.74,4.04,5.31,5.87,4.5,5.23,5.96,4.19,57.29,68,46.72,57.22,68,46.57,57.44,68.31,46.7,0.51,1.08,0.34,5015.136719,34.057
2003/2/28,5.17,5.89,4.14,57.24,67.75,46.88,92.1,5.03,5.75,4,5.22,5.82,4.34,5.35,6.02,4.39,57.34,67.99,46.84,57.29,68.03,46.68,57.49,68.32,46.79,0.5,-1.52,-1.82,4432.439941,34.057
2003/3/31,5.08,5.71,4.18,57.23,67.61,46.98,92.02,5.17,5.89,4.14,5.04,5.74,4.04,5.32,5.97,4.39,57.24,67.75,46.88,57.29,68,46.72,57.24,68.12,46.48,0.49,-0.19,-0.2,4321.200195,34.202
2003/4/30,4.92,5.47,4.13,57.21,67.6,46.96,91.95,5.08,5.71,4.18,5.03,5.75,4,5.31,5.87,4.5,57.23,67.61,46.98,57.34,67.99,46.84,57.22,68,46.57,0.46,-0.12,-0.18,4148.049805,34.817
2003/5/31,4.98,5.62,4.08,57.13,67.53,46.88,91.9,4.92,5.47,4.13,5.17,5.89,4.14,5.22,5.82,4.34,57.21,67.6,46.96,57.24,67.75,46.88,57.29,68.03,46.68,0.44,0.32,-0.38,4555.878906,35.607
2003/6/30,5.09,5.69,4.24,57.26,67.7,46.97,91.82,4.98,5.62,4.08,5.08,5.71,4.18,5.04,5.74,4.04,57.13,67.53,46.88,57.23,67.61,46.98,57.29,68,46.72,0.43,-0.56,-0.91,4872.127441,35.285
2003/7/31,5.16,5.54,4.62,57.55,67.91,47.35,91.7,5.09,5.69,4.24,4.92,5.47,4.13,5.03,5.75,4,57.26,67.7,46.97,57.21,67.6,46.96,57.34,67.99,46.84,0.41,-0.99,-0.8,5318.315918,34.352
2003/8/31,5.21,5.6,4.67,57.65,67.96,47.48,91.61,5.16,5.54,4.62,4.98,5.62,4.08,5.17,5.89,4.14,57.55,67.91,47.35,57.13,67.53,46.88,57.24,67.75,46.88,0.4,-0.59,-0.48,5650.804688,34.202
2003/9/30,5.05,5.42,4.54,57.32,67.56,47.23,91.59,5.21,5.6,4.67,5.09,5.69,4.24,5.08,5.71,4.18,57.65,67.96,47.48,57.26,67.7,46.97,57.23,67.61,46.98,0.39,-0.21,-0.63,5611.384766,34.145
2003/10/31,4.92,5.28,4.41,57.34,67.58,47.26,91.52,5.05,5.42,4.54,5.16,5.54,4.62,4.92,5.47,4.13,57.32,67.56,47.23,57.55,67.91,47.35,57.21,67.6,46.96,0.38,-0.06,-0.68,6045.092285,33.961
2003/11/30,4.71,5.12,4.13,57.4,67.57,47.39,91.49,4.92,5.28,4.41,5.21,5.6,4.67,4.98,5.62,4.08,57.34,67.58,47.26,57.65,67.96,47.48,57.13,67.53,46.88,0.37,-0.46,-0.54,5771.744141,34.048
2003/12/31,4.58,5.08,3.88,57.44,67.54,47.48,91.45,4.71,5.12,4.13,5.05,5.42,4.54,5.09,5.69,4.24,57.4,67.57,47.39,57.32,67.56,47.23,57.26,67.7,46.97,0.36,-0.06,-0.32,5890.663086,33.9
2004/1/31,4.53,5.03,3.85,57.44,67.5,47.53,91.45,4.58,5.08,3.88,4.92,5.28,4.41,5.16,5.54,4.62,57.44,67.54,47.48,57.34,67.58,47.26,57.55,67.91,47.35,0.36,0.01,0.4,6375.350098,33.908
2004/2/29,4.61,5.07,3.97,57.38,67.45,47.46,91.33,4.53,5.03,3.85,4.71,5.12,4.13,5.21,5.6,4.67,57.44,67.5,47.53,57.4,67.57,47.39,57.65,67.96,47.48,0.36,0.64,0.01,6750.508789,33.948
2004/3/31,4.45,4.8,3.95,57.41,67.53,47.46,91.34,4.61,5.07,3.97,4.58,5.08,3.88,5.05,5.42,4.54,57.38,67.45,47.46,57.44,67.54,47.48,57.32,67.56,47.23,0.35,0.89,0.08,6522.159668,33.442
2004/4/30,4.36,4.72,3.85,57.42,67.6,47.41,91.28,4.45,4.8,3.95,4.53,5.03,3.85,4.92,5.28,4.41,57.41,67.53,47.46,57.44,67.5,47.53,57.34,67.58,47.26,0.35,0.95,0.25,6117.782227,32.895
2004/5/31,4.41,4.84,3.81,57.59,67.74,47.61,91.23,4.36,4.72,3.85,4.61,5.07,3.97,4.71,5.12,4.13,57.42,67.6,47.41,57.38,67.45,47.46,57.4,67.57,47.39,0.36,0.91,0.69,5977.8125,33.316
2004/6/30,4.54,5.02,3.88,57.79,67.89,47.86,91.12,4.41,4.84,3.81,4.45,4.8,3.95,4.58,5.08,3.88,57.59,67.74,47.61,57.41,67.53,47.46,57.44,67.54,47.48,0.37,1.73,1.26,5839.413086,33.459
2004/7/31,4.62,4.91,4.21,58.01,67.94,48.25,91.07,4.54,5.02,3.88,4.36,4.72,3.85,4.53,5.03,3.85,57.79,67.89,47.86,57.42,67.6,47.41,57.44,67.5,47.53,0.37,3.32,1.34,5420.544922,33.476
2004/8/31,4.67,4.89,4.36,58.04,68.11,48.13,91.07,4.62,4.91,4.21,4.41,4.84,3.81,4.61,5.07,3.97,58.01,67.94,48.25,57.59,67.74,47.61,57.38,67.45,47.46,0.37,2.55,1.1,5765.51416,33.762
2004/9/30,4.5,4.79,4.09,57.6,67.77,47.6,91.07,4.67,4.89,4.36,4.54,5.02,3.88,4.45,4.8,3.95,58.04,68.11,48.13,57.79,67.89,47.86,57.41,67.53,47.46,0.37,2.79,1.06,5845.663086,33.616
2004/10/31,4.31,4.7,3.76,57.71,67.99,47.61,91.11,4.5,4.79,4.09,4.62,4.91,4.21,4.36,4.72,3.85,57.6,67.77,47.6,58.01,67.94,48.25,57.42,67.6,47.41,0.36,2.39,1.05,5705.904785,33.714
2004/11/30,4.14,4.58,3.52,57.75,67.97,47.71,91.07,4.31,4.7,3.76,4.67,4.89,4.36,4.41,4.84,3.81,57.71,67.99,47.61,58.04,68.11,48.13,57.59,67.74,47.61,0.37,1.52,0.88,5844.73291,33.085
2004/12/31,4.09,4.58,3.41,57.77,67.81,47.91,91.08,4.14,4.58,3.52,4.5,4.79,4.09,4.54,5.02,3.88,57.75,67.97,47.71,57.6,67.77,47.6,57.79,67.89,47.86,0.36,1.62,1.09,6139.662109,32.266
2005/1/31,4.06,4.48,3.47,57.78,67.8,47.93,91.09,4.09,4.58,3.41,4.31,4.7,3.76,4.62,4.91,4.21,57.77,67.81,47.91,57.71,67.99,47.61,58.01,67.94,48.25,0.36,0.49,-0.19,5994.202148,32.211
2005/2/28,4.28,4.62,3.8,57.71,67.72,47.87,91.13,4.06,4.48,3.47,4.14,4.58,3.52,4.67,4.89,4.36,57.78,67.8,47.93,57.75,67.97,47.71,58.04,68.11,48.13,0.36,1.93,1.99,6207.80127,31.703
2005/3/31,4.15,4.51,3.66,57.61,67.71,47.68,91.11,4.28,4.62,3.8,4.09,4.58,3.41,4.5,4.79,4.09,57.71,67.72,47.87,57.77,67.81,47.91,57.6,67.77,47.6,0.34,2.3,1.22,6005.852051,31.321
2005/4/30,4.04,4.34,3.62,57.63,67.78,47.65,91.11,4.15,4.51,3.66,4.06,4.48,3.47,4.31,4.7,3.76,57.61,67.71,47.68,57.78,67.8,47.93,57.71,67.99,47.61,0.34,1.65,0.82,5818.043457,31.571
2005/5/31,4.1,4.28,3.86,57.72,67.72,47.91,91.14,4.04,4.34,3.62,4.28,4.62,3.8,4.14,4.58,3.52,57.63,67.78,47.65,57.71,67.72,47.87,57.75,67.97,47.71,0.34,2.3,0.66,6011.532227,31.411
2005/6/30,4.22,4.33,4.08,57.75,67.61,48.06,91.13,4.1,4.28,3.86,4.15,4.51,3.66,4.09,4.58,3.41,57.72,67.72,47.91,57.61,67.71,47.68,57.77,67.81,47.91,0.34,2.38,0.59,6241.911133,31.482
2005/7/31,4.32,4.42,4.18,57.87,67.66,48.26,91.15,4.22,4.33,4.08,4.04,4.34,3.62,4.06,4.48,3.47,57.75,67.61,48.06,57.63,67.78,47.65,57.78,67.8,47.93,0.34,2.42,0.6,6311.950684,31.735
2005/8/31,4.36,4.4,4.3,58.02,67.7,48.52,91.16,4.32,4.42,4.18,4.1,4.28,3.86,4.28,4.62,3.8,57.87,67.66,48.26,57.72,67.72,47.91,57.71,67.72,47.87,0.34,3.56,0.79,6033.442383,31.979
2005/9/30,4.14,4.09,4.21,57.7,67.47,48.13,91.16,4.36,4.4,4.3,4.22,4.33,4.08,4.15,4.51,3.66,58.02,67.7,48.52,57.75,67.61,48.06,57.61,67.71,47.68,0.35,3.16,0.7,6118.582031,32.477
2005/10/31,4.07,4.07,4.07,57.84,67.45,48.41,91.15,4.14,4.09,4.21,4.32,4.42,4.18,4.04,4.34,3.62,57.7,67.47,48.13,57.87,67.66,48.26,57.63,67.78,47.65,0.34,2.75,0.59,5764.273926,33.288
2005/11/30,3.94,4.07,3.77,57.88,67.43,48.52,91.14,4.07,4.07,4.07,4.36,4.4,4.3,4.1,4.28,3.86,57.84,67.45,48.41,58.02,67.7,48.52,57.72,67.72,47.91,0.33,2.51,0.65,6203.441406,33.422
2005/12/31,3.86,4.13,3.49,57.85,67.44,48.44,91.14,3.94,4.07,3.77,4.14,4.09,4.21,4.22,4.33,4.08,57.88,67.43,48.52,57.7,67.47,48.13,57.75,67.61,48.06,0.33,2.2,0.45,6548.30957,32.852
2006/1/31,3.8,4.04,3.48,57.76,67.45,48.26,91.15,3.86,4.13,3.49,4.07,4.07,4.07,4.32,4.42,4.18,57.85,67.44,48.44,57.84,67.45,48.41,57.87,67.66,48.26,0.33,2.68,1.38,6532.149902,31.905
2006/2/28,3.92,4.2,3.53,57.6,67.41,47.98,91.2,3.8,4.04,3.48,3.94,4.07,3.77,4.36,4.4,4.3,57.76,67.45,48.26,57.88,67.43,48.52,58.02,67.7,48.52,0.34,0.98,-0.33,6561.599609,31.93
2006/3/31,3.87,4.09,3.58,57.65,67.32,48.18,91.24,3.92,4.2,3.53,3.86,4.13,3.49,4.14,4.09,4.21,57.6,67.41,47.98,57.85,67.44,48.44,57.7,67.47,48.13,0.36,0.42,0.54,6613.939941,32.195
2006/4/30,3.78,4.02,3.45,57.65,67.35,48.14,91.27,3.87,4.09,3.58,3.8,4.04,3.48,4.07,4.07,4.07,57.65,67.32,48.18,57.76,67.45,48.26,57.84,67.45,48.41,0.37,1.23,0.53,7171.736816,31.787
2006/5/31,3.84,4.1,3.48,57.72,67.36,48.26,91.3,3.78,4.02,3.45,3.92,4.2,3.53,3.94,4.07,3.77,57.65,67.35,48.14,57.6,67.41,47.98,57.88,67.43,48.52,0.37,1.59,0.67,6846.918457,31.649
2006/6/30,3.98,4.13,3.78,57.79,67.25,48.52,91.34,3.84,4.1,3.48,3.87,4.09,3.58,3.86,4.13,3.49,57.72,67.36,48.26,57.65,67.32,48.18,57.85,67.44,48.44,0.38,1.74,0.41,6704.378906,31.947
2006/7/31,4.05,4.13,3.94,58.12,67.35,49.07,91.35,3.98,4.13,3.78,3.78,4.02,3.45,3.8,4.04,3.48,57.79,67.25,48.52,57.65,67.35,48.14,57.76,67.45,48.26,0.39,0.78,0.58,6454.550293,31.857
2006/8/31,4.09,4.1,4.08,58.29,67.37,49.38,91.36,4.05,4.13,3.94,3.84,4.1,3.48,3.92,4.2,3.53,58.12,67.35,49.07,57.72,67.36,48.26,57.6,67.41,47.98,0.39,-0.56,0.36,6611.739746,32.261
2006/9/30,3.96,4.01,3.89,58.05,67.31,48.98,91.39,4.09,4.1,4.08,3.98,4.13,3.78,3.87,4.09,3.58,58.29,67.37,49.38,57.79,67.25,48.52,57.65,67.32,48.18,0.39,-1.25,0.35,6883.018066,32.97
2006/10/31,3.9,3.97,3.79,58.11,67.33,49.07,91.41,3.96,4.01,3.89,4.05,4.13,3.94,3.78,4.02,3.45,58.05,67.31,48.98,58.12,67.35,49.07,57.65,67.35,48.14,0.41,-1.19,0.43,7021.288086,32.992
2006/11/30,3.86,3.87,3.85,58.15,67.32,49.17,91.42,3.9,3.97,3.79,4.09,4.1,4.08,3.84,4.1,3.48,58.11,67.33,49.07,58.29,67.37,49.38,57.72,67.36,48.26,0.42,0.25,0.64,7567.685059,32.425
2006/12/31,3.81,3.94,3.65,58.16,67.33,49.19,91.45,3.86,3.87,3.85,3.96,4.01,3.89,3.98,4.13,3.78,58.15,67.32,49.17,58.05,67.31,48.98,57.79,67.25,48.52,0.44,0.68,0.75,7823.684082,31.857
2007/1/31,3.79,3.97,3.55,58.17,67.33,49.19,91.43,3.81,3.94,3.65,3.9,3.97,3.79,4.05,4.13,3.94,58.16,67.33,49.19,58.11,67.33,49.07,58.12,67.35,49.07,0.42,0.35,0,7699.60498,32.099
2007/2/28,3.78,3.96,3.54,58.14,67.28,49.19,91.42,3.79,3.97,3.55,3.86,3.87,3.85,4.09,4.1,4.08,58.17,67.33,49.19,58.15,67.32,49.17,58.29,67.37,49.38,0.39,1.75,1.82,7901.922852,32.273
2007/3/31,3.94,4.13,3.68,58.2,67.37,49.22,91.41,3.78,3.96,3.54,3.81,3.94,3.65,3.96,4.01,3.89,58.14,67.28,49.19,58.16,67.33,49.19,58.05,67.31,48.98,0.37,0.83,0.7,7884.373047,32.554
2007/4/30,3.83,4,3.6,58.09,67.16,49.21,91.41,3.94,4.13,3.68,3.79,3.97,3.55,3.9,3.97,3.79,58.2,67.37,49.22,58.17,67.33,49.19,58.11,67.33,49.07,0.37,0.68,0.74,7875.383301,32.563
2007/5/31,3.87,3.99,3.71,58.14,67.12,49.35,91.42,3.83,4,3.6,3.78,3.96,3.54,3.86,3.87,3.85,58.09,67.16,49.21,58.14,67.28,49.19,58.15,67.32,49.17,0.36,-0.02,0.73,8144.912598,32.579
2007/6/30,3.96,4.11,3.75,58.14,67.11,49.37,91.49,3.87,3.99,3.71,3.94,4.13,3.68,3.81,3.94,3.65,58.14,67.12,49.35,58.2,67.37,49.22,58.16,67.33,49.19,0.36,0.13,1.04,8883.168945,32.419
2007/7/31,4.03,4.1,3.93,58.45,67.54,49.57,91.5,3.96,4.11,3.75,3.83,4,3.6,3.79,3.97,3.55,58.14,67.11,49.37,58.09,67.16,49.21,58.17,67.33,49.19,0.36,-0.32,1.23,9287.208008,32.444
2007/8/31,4.09,4.05,4.15,58.61,67.54,49.87,91.51,4.03,4.1,3.93,3.87,3.99,3.71,3.78,3.96,3.54,58.45,67.54,49.57,58.14,67.12,49.35,58.14,67.28,49.19,0.36,1.61,1.73,8982.119141,32.427
2007/9/30,3.99,4,3.98,58.24,67.1,49.58,91.53,4.09,4.05,4.15,3.96,4.11,3.75,3.94,4.13,3.68,58.61,67.54,49.87,58.14,67.11,49.37,58.2,67.37,49.22,0.36,3.12,2.07,9411.908203,32.299
2007/10/31,3.92,4.11,3.67,58.19,67.07,49.5,91.57,3.99,4,3.98,4.03,4.1,3.93,3.83,4,3.6,58.24,67.1,49.58,58.45,67.54,49.57,58.09,67.16,49.21,0.35,5.33,2.35,9711.325195,32.174
2007/11/30,3.87,4.13,3.54,58.25,67.11,49.6,91.64,3.92,4.11,3.67,4.09,4.05,4.15,3.87,3.99,3.71,58.19,67.07,49.5,58.61,67.54,49.87,58.14,67.12,49.35,0.34,4.8,2.46,8586.360352,32.136
2007/12/31,3.83,4.07,3.53,58.34,67.2,49.69,91.75,3.87,4.13,3.54,3.99,4,3.98,3.96,4.11,3.75,58.25,67.11,49.6,58.24,67.1,49.58,58.14,67.11,49.37,0.34,3.32,2.62,8506.240234,31.444
2008/1/31,3.8,4.08,3.43,58.32,67.19,49.65,91.82,3.83,4.07,3.53,3.92,4.11,3.67,4.03,4.1,3.93,58.34,67.2,49.69,58.19,67.07,49.5,58.45,67.54,49.57,0.36,2.94,2.73,7521.095215,31.345
2008/2/29,3.94,4.25,3.52,58.11,67.06,49.37,91.95,3.8,4.08,3.43,3.87,4.13,3.54,4.09,4.05,4.15,58.32,67.19,49.65,58.25,67.11,49.6,58.61,67.54,49.87,0.39,3.87,2.7,8412.719727,31.188
2008/3/31,3.86,4.15,3.48,58.18,67.21,49.37,91.95,3.94,4.25,3.52,3.83,4.07,3.53,3.99,4,3.98,58.11,67.06,49.37,58.34,67.2,49.69,58.24,67.1,49.58,0.41,3.96,3.18,8572.549805,30.163
2008/4/30,3.81,4.03,3.52,58.19,67,49.58,92,3.86,4.15,3.48,3.8,4.08,3.43,3.92,4.11,3.67,58.18,67.21,49.37,58.32,67.19,49.65,58.19,67.07,49.5,0.4,3.88,3.28,8919.878906,29.74
2008/5/31,3.84,3.96,3.67,58.25,67,49.72,92.03,3.81,4.03,3.52,3.94,4.25,3.52,3.87,4.13,3.54,58.19,67,49.58,58.11,67.06,49.37,58.25,67.11,49.6,0.39,3.72,3.4,8619.040039,29.885
2008/6/30,3.95,4.12,3.73,58.26,67.01,49.71,92.11,3.84,3.96,3.67,3.86,4.15,3.48,3.83,4.07,3.53,58.25,67,49.72,58.18,67.21,49.37,58.34,67.2,49.69,0.39,4.97,3.91,7523.505371,29.684
2008/7/31,4.06,4.24,3.83,58.39,67.26,49.73,92.12,3.95,4.12,3.73,3.81,4.03,3.52,3.8,4.08,3.43,58.26,67.01,49.71,58.19,67,49.58,58.32,67.19,49.65,0.38,5.81,4.29,7024.02832,29.658
2008/8/31,4.14,4.21,4.06,58.53,67.34,49.93,92.17,4.06,4.24,3.83,3.84,3.96,3.67,3.94,4.25,3.52,58.39,67.26,49.73,58.25,67,49.72,58.11,67.06,49.37,0.36,4.69,3.99,7046.078125,30.267
2008/9/30,4.27,4.37,4.14,58.22,67.03,49.62,92.2,4.14,4.21,4.06,3.95,4.12,3.73,3.86,4.15,3.48,58.53,67.34,49.93,58.26,67.01,49.71,58.18,67.21,49.37,0.35,3.1,3.53,5719.254395,31.032
2008/10/31,4.37,4.63,4.02,58.32,67.08,49.77,92.2,4.27,4.37,4.14,4.06,4.24,3.83,3.81,4.03,3.52,58.22,67.03,49.62,58.39,67.26,49.73,58.19,67,49.58,0.34,2.38,3.16,4870.637695,31.541
2008/11/30,4.64,5.06,4.1,58.35,67.06,49.83,92.16,4.37,4.63,4.02,4.14,4.21,4.06,3.84,3.96,3.67,58.32,67.08,49.77,58.53,67.34,49.93,58.25,67,49.72,0.35,1.93,2.67,4460.469727,32.029
2008/12/31,5.03,5.51,4.41,58.2,66.86,49.75,92.1,4.64,5.06,4.1,4.27,4.37,4.14,3.95,4.12,3.73,58.35,67.06,49.83,58.22,67.03,49.62,58.26,67.01,49.71,0.33,1.27,2.32,4591.199219,31.637
2009/1/31,5.31,5.89,4.56,58.02,66.69,49.56,92,5.03,5.51,4.41,4.37,4.63,4.02,4.06,4.24,3.83,58.2,66.86,49.75,58.32,67.08,49.77,58.39,67.26,49.73,0.34,1.47,2.73,4247.950195,32.183
2009/2/28,5.75,6.38,4.93,57.79,66.36,49.43,91.97,5.31,5.89,4.56,4.64,5.06,4.1,4.14,4.21,4.06,58.02,66.69,49.56,58.35,67.06,49.83,58.53,67.34,49.93,0.32,-1.34,0.54,4557.128906,32.996
2009/3/31,5.81,6.46,4.95,57.75,66.28,49.43,91.91,5.75,6.38,4.93,5.03,5.51,4.41,4.27,4.37,4.14,57.79,66.36,49.43,58.2,66.86,49.75,58.22,67.03,49.62,0.33,-0.15,0.92,5210.815918,33.132
2009/4/30,5.76,6.45,4.85,57.7,66.25,49.35,91.89,5.81,6.46,4.95,5.31,5.89,4.56,4.37,4.63,4.02,57.75,66.28,49.43,58.02,66.69,49.56,58.32,67.08,49.77,0.31,-0.46,0.5,5992.541992,32.431
2009/5/31,5.82,6.48,4.95,57.76,66.23,49.5,91.86,5.76,6.45,4.85,5.75,6.38,4.93,4.64,5.06,4.1,57.7,66.25,49.35,57.79,66.36,49.43,58.35,67.06,49.83,0.3,-0.09,0.2,6890.408203,31.766
2009/6/30,5.94,6.64,5.01,57.79,66.33,49.47,91.84,5.82,6.48,4.95,5.81,6.46,4.95,5.03,5.51,4.41,57.76,66.23,49.5,57.75,66.28,49.43,58.2,66.86,49.75,0.3,-1.99,-0.53,6432.130371,31.508
2009/7/31,6.07,6.81,5.11,57.9,66.42,49.6,91.82,5.94,6.64,5.01,5.76,6.45,4.85,5.31,5.89,4.56,57.79,66.33,49.47,57.7,66.25,49.35,58.02,66.69,49.56,0.3,-2.34,-0.86,7077.677734,31.633
2009/8/31,6.13,6.82,5.24,58.03,66.41,49.86,91.82,6.07,6.81,5.11,5.82,6.48,4.95,5.75,6.38,4.93,57.9,66.42,49.6,57.76,66.23,49.5,57.79,66.36,49.43,0.3,-0.82,-0.74,6825.918945,31.766
2009/9/30,6.04,6.68,5.21,57.88,66.33,49.65,91.8,6.13,6.82,5.24,5.94,6.64,5.01,5.81,6.46,4.95,58.03,66.41,49.86,57.79,66.33,49.47,57.75,66.28,49.43,0.31,-0.89,-0.91,7509.135742,31.508
2009/10/31,5.96,6.67,5.03,57.94,66.38,49.73,91.78,6.04,6.68,5.21,6.07,6.81,5.11,5.76,6.45,4.85,57.88,66.33,49.65,57.9,66.42,49.6,57.7,66.25,49.35,0.32,-1.89,-0.83,7340.046387,31.25
2009/11/30,5.86,6.57,4.94,58.15,66.53,49.99,91.78,5.96,6.67,5.03,6.13,6.82,5.24,5.82,6.48,4.95,57.94,66.38,49.73,58.03,66.41,49.86,57.76,66.23,49.5,0.32,-1.6,-0.8,7582.174805,31.377
2009/12/31,5.74,6.49,4.76,58.11,66.58,49.87,91.75,5.86,6.57,4.94,6.04,6.68,5.21,5.94,6.64,5.01,58.15,66.53,49.99,57.88,66.33,49.65,57.79,66.33,49.47,0.32,-0.25,-0.69,8188.072266,31.137
2010/1/31,5.68,6.37,4.79,58.04,66.65,49.67,91.8,5.74,6.49,4.76,5.96,6.67,5.03,6.07,6.81,5.11,58.11,66.58,49.87,57.94,66.38,49.73,57.9,66.42,49.6,0.3,0.26,-1.08,7640.404785,30.802
2010/2/28,5.76,6.55,4.72,57.96,66.52,49.63,91.8,5.68,6.37,4.79,5.86,6.57,4.94,6.13,6.82,5.24,58.04,66.65,49.67,58.15,66.53,49.99,58.03,66.41,49.86,0.3,2.35,1.23,7436.065918,30.944
2010/3/31,5.67,6.5,4.6,57.92,66.46,49.61,91.8,5.76,6.55,4.72,5.74,6.49,4.76,6.04,6.68,5.21,57.96,66.52,49.63,58.11,66.58,49.87,57.88,66.33,49.65,0.28,1.26,0.23,7920.022949,30.802
2010/4/30,5.39,6.09,4.47,57.87,66.44,49.54,91.85,5.67,6.5,4.6,5.68,6.37,4.79,5.96,6.67,5.03,57.92,66.46,49.61,58.04,66.65,49.67,57.94,66.38,49.73,0.29,1.35,0.39,8004.212402,30.439
2010/5/31,5.14,5.73,4.38,57.92,66.42,49.66,91.84,5.39,6.09,4.47,5.76,6.55,4.72,5.86,6.57,4.94,57.87,66.44,49.54,57.96,66.52,49.63,58.15,66.53,49.99,0.29,0.75,0.38,7373.945801,30.779
2010/6/30,5.16,5.74,4.4,58.02,66.43,49.85,91.84,5.14,5.73,4.38,5.67,6.5,4.6,5.74,6.49,4.76,57.92,66.42,49.66,57.92,66.46,49.61,58.11,66.58,49.87,0.28,1.21,0.81,7329.336426,31.028
2010/7/31,5.2,5.71,4.55,58.29,66.59,50.25,91.85,5.16,5.74,4.4,5.39,6.09,4.47,5.68,6.37,4.79,58.02,66.43,49.85,57.87,66.44,49.54,58.04,66.65,49.67,0.26,1.32,0.87,7760.594238,30.984
2010/8/31,5.17,5.66,4.54,58.4,66.57,50.48,91.83,5.2,5.71,4.55,5.14,5.73,4.38,5.76,6.55,4.72,58.29,66.59,50.25,57.92,66.42,49.66,57.96,66.52,49.63,0.25,-0.48,0.51,7616.244629,30.837
2010/9/30,5.05,5.59,4.35,58.07,66.4,50,91.93,5.17,5.66,4.54,5.16,5.74,4.4,5.67,6.5,4.6,58.4,66.57,50.48,58.02,66.43,49.85,57.92,66.46,49.61,0.24,0.3,0.85,8237.740234,30.696
2010/10/31,4.92,5.4,4.3,58.09,66.51,49.94,91.94,5.05,5.59,4.35,5.2,5.71,4.55,5.39,6.09,4.47,58.07,66.4,50,58.29,66.59,50.25,57.87,66.44,49.54,0.21,0.58,0.7,8287.049805,29.842
2010/11/30,4.73,5.15,4.2,58.17,66.58,50.04,92.02,4.92,5.4,4.3,5.17,5.66,4.54,5.14,5.73,4.38,58.09,66.51,49.94,58.4,66.57,50.48,57.92,66.42,49.66,0.19,1.52,1.06,8372.44043,29.264
2010/12/31,4.67,5.13,4.08,58.13,66.57,49.96,92.07,4.73,5.15,4.2,5.05,5.59,4.35,5.16,5.74,4.4,58.17,66.58,50.04,58.07,66.4,50,58.02,66.43,49.85,0.17,1.23,1.1,8972.458984,28.9
2011/1/31,4.64,5.06,4.11,58.11,66.56,49.94,92.1,4.67,5.13,4.08,4.92,5.4,4.3,5.2,5.71,4.55,58.13,66.57,49.96,58.09,66.51,49.94,58.29,66.59,50.25,0.16,1.1,1.07,9145.307617,28.192
2011/2/28,4.69,5.15,4.1,57.98,66.49,49.77,92.07,4.64,5.06,4.11,4.73,5.15,4.2,5.17,5.66,4.54,58.11,66.56,49.94,58.17,66.58,50.04,58.4,66.57,50.48,0.14,1.33,0.92,8599.610352,28.324
2011/3/31,4.48,4.89,3.95,57.97,66.61,49.62,92.08,4.69,5.15,4.1,4.67,5.13,4.08,5.05,5.59,4.35,57.98,66.49,49.77,58.13,66.57,49.96,58.07,66.4,50,0.14,1.39,1.11,8683.259766,28.542
2011/4/30,4.29,4.59,3.91,57.91,66.49,49.61,92.11,4.48,4.89,3.95,4.64,5.06,4.11,4.92,5.4,4.3,57.97,66.61,49.62,58.11,66.56,49.94,58.09,66.51,49.94,0.15,1.29,1.1,9007.829102,28.163
2011/5/31,4.27,4.59,3.86,57.97,66.56,49.67,92.16,4.29,4.59,3.91,4.69,5.15,4.1,4.73,5.15,4.2,57.91,66.49,49.61,57.98,66.49,49.77,58.17,66.58,50.04,0.15,1.66,1.34,8988.798828,27.764
2011/6/30,4.35,4.65,3.95,58.11,66.67,49.85,92.17,4.27,4.59,3.86,4.48,4.89,3.95,4.67,5.13,4.08,57.97,66.56,49.67,57.97,66.61,49.62,58.13,66.57,49.96,0.16,1.94,1.36,8652.549805,27.903
2011/7/31,4.41,4.68,4.06,58.4,66.82,50.28,92.25,4.35,4.65,3.95,4.29,4.59,3.91,4.64,5.06,4.11,58.11,66.67,49.85,57.91,66.49,49.61,58.11,66.56,49.94,0.18,1.32,1.23,8644.139648,27.918
2011/8/31,4.45,4.68,4.15,58.54,66.97,50.41,92.26,4.41,4.68,4.06,4.27,4.59,3.86,4.69,5.15,4.1,58.4,66.82,50.28,57.97,66.56,49.67,57.98,66.49,49.77,0.19,1.34,1.36,7741.324219,28.047
2011/9/30,4.28,4.59,3.89,58.22,66.67,50.06,92.31,4.45,4.68,4.15,4.35,4.65,3.95,4.48,4.89,3.95,58.54,66.97,50.41,58.11,66.67,49.85,57.97,66.61,49.62,0.2,1.38,1.25,7225.34668,28.338
2011/10/31,4.3,4.63,3.88,58.26,66.69,50.12,92.35,4.28,4.59,3.89,4.41,4.68,4.06,4.29,4.59,3.91,58.22,66.67,50.06,58.4,66.82,50.28,57.91,66.49,49.61,0.21,1.24,1.62,7587.654785,29.347
2011/11/30,4.28,4.58,3.89,58.32,66.74,50.2,92.37,4.3,4.63,3.88,4.45,4.68,4.15,4.27,4.59,3.86,58.26,66.69,50.12,58.54,66.97,50.41,57.97,66.56,49.67,0.22,1.03,1.37,6904.088379,29.142
2011/12/31,4.18,4.47,3.81,58.28,66.71,50.16,92.38,4.28,4.58,3.89,4.28,4.59,3.89,4.35,4.65,3.95,58.32,66.74,50.2,58.22,66.67,50.06,58.11,66.67,49.85,0.24,2.03,1.31,7072.04834,29.237
2012/1/31,4.18,4.43,3.87,58.27,66.77,50.08,92.44,4.18,4.47,3.81,4.3,4.63,3.88,4.41,4.68,4.06,58.28,66.71,50.16,58.26,66.69,50.12,58.4,66.82,50.28,0.26,2.36,1.92,7517.04541,29.294
2012/2/29,4.25,4.54,3.89,58.18,66.67,50,92.47,4.18,4.43,3.87,4.28,4.58,3.89,4.45,4.68,4.15,58.27,66.77,50.08,58.32,66.74,50.2,58.54,66.97,50.41,0.27,0.24,-0.04,8121.402344,28.933
2012/3/31,4.17,4.49,3.77,58.17,66.66,50,92.53,4.25,4.54,3.89,4.18,4.47,3.81,4.28,4.59,3.89,58.18,66.67,50,58.28,66.71,50.16,58.22,66.67,50.06,0.28,1.26,0.84,7932.962891,28.855
2012/4/30,4.1,4.4,3.72,58.15,66.71,49.92,92.57,4.17,4.49,3.77,4.18,4.43,3.87,4.3,4.63,3.88,58.17,66.66,50,58.27,66.77,50.08,58.26,66.69,50.12,0.29,1.44,1.05,7501.686035,28.744
2012/5/31,4.12,4.4,3.76,58.21,66.9,49.84,92.67,4.1,4.4,3.72,4.25,4.54,3.89,4.28,4.58,3.89,58.15,66.71,49.92,58.18,66.67,50,58.32,66.74,50.2,0.3,1.75,0.97,7301.466309,28.859
2012/6/30,4.21,4.48,3.87,58.32,66.98,49.99,92.75,4.12,4.4,3.76,4.17,4.49,3.77,4.18,4.47,3.81,58.21,66.9,49.84,58.17,66.66,50,58.28,66.71,50.16,0.31,1.77,0.92,7296.246094,29.165
2012/7/31,4.31,4.52,4.03,58.49,67.01,50.3,92.86,4.21,4.48,3.87,4.1,4.4,3.72,4.18,4.43,3.87,58.32,66.98,49.99,58.15,66.71,49.92,58.27,66.77,50.08,0.31,2.47,1.04,7270.456543,29.154
2012/8/31,4.4,4.56,4.2,58.61,67.06,50.49,92.91,4.31,4.52,4.03,4.12,4.4,3.76,4.25,4.54,3.89,58.49,67.01,50.3,58.21,66.9,49.84,58.18,66.67,50,0.32,3.43,1.05,7397.025879,29.158
2012/9/30,4.32,4.53,4.04,58.39,66.77,50.33,93.02,4.4,4.56,4.2,4.21,4.48,3.87,4.17,4.49,3.77,58.61,67.06,50.49,58.32,66.98,49.99,58.17,66.66,50,0.33,2.95,1.03,7715.125,29.041
2012/10/31,4.33,4.55,4.06,58.45,66.81,50.41,93.09,4.32,4.53,4.04,4.31,4.52,4.03,4.1,4.4,3.72,58.39,66.77,50.33,58.49,67.01,50.3,58.15,66.71,49.92,0.34,2.33,1.09,7166.01709,28.814
2012/11/30,4.27,4.53,3.93,58.48,66.79,50.49,93.1,4.33,4.55,4.06,4.4,4.56,4.2,4.12,4.4,3.76,58.45,66.81,50.41,58.61,67.06,50.49,58.21,66.9,49.84,0.35,1.59,1.01,7580.134766,28.598
2012/12/31,4.18,4.41,3.88,58.45,66.81,50.41,93.11,4.27,4.53,3.93,4.32,4.53,4.04,4.21,4.48,3.87,58.48,66.79,50.49,58.39,66.77,50.33,58.32,66.98,49.99,0.35,1.62,1.09,7699.464844,28.493
2013/1/31,4.16,4.44,3.81,58.42,66.84,50.33,93.17,4.18,4.41,3.88,4.33,4.55,4.06,4.31,4.52,4.03,58.45,66.81,50.41,58.45,66.81,50.41,58.49,67.01,50.3,0.36,1.11,0.29,7849.983887,28.399
2013/2/28,4.24,4.54,3.85,58.32,66.69,50.28,93.23,4.16,4.44,3.81,4.27,4.53,3.93,4.4,4.56,4.2,58.42,66.84,50.33,58.48,66.79,50.49,58.61,67.06,50.49,0.37,2.96,2.18,7897.942871,28.722
2013/3/31,4.17,4.44,3.81,58.28,66.63,50.25,93.28,4.24,4.54,3.85,4.18,4.41,3.88,4.32,4.53,4.04,58.32,66.69,50.28,58.45,66.81,50.41,58.39,66.77,50.33,0.36,1.35,1.19,7918.572754,28.733
2013/4/30,4.07,4.39,3.66,58.23,66.58,50.22,93.3,4.17,4.44,3.81,4.16,4.44,3.81,4.33,4.55,4.06,58.28,66.63,50.25,58.42,66.84,50.33,58.45,66.81,50.41,0.35,1.05,0.87,8093.622559,28.859
2013/5/31,4.06,4.42,3.6,58.25,66.61,50.23,93.34,4.07,4.39,3.66,4.24,4.54,3.85,4.27,4.53,3.93,58.23,66.58,50.22,58.32,66.69,50.28,58.48,66.79,50.49,0.34,0.73,0.62,8254.759766,28.638
2013/6/30,4.14,4.46,3.73,58.38,66.73,50.36,93.35,4.06,4.42,3.6,4.17,4.44,3.81,4.18,4.41,3.88,58.25,66.61,50.23,58.28,66.63,50.25,58.45,66.81,50.41,0.31,0.6,0.61,8062.172363,28.951
2013/7/31,4.25,4.51,3.91,58.55,66.82,50.61,93.4,4.14,4.46,3.73,4.07,4.39,3.66,4.16,4.44,3.81,58.38,66.73,50.36,58.23,66.58,50.22,58.42,66.84,50.33,0.31,0.06,0.52,8107.902344,29.049
2013/8/31,4.33,4.58,4,58.66,66.85,50.79,93.48,4.25,4.51,3.91,4.06,4.42,3.6,4.24,4.54,3.85,58.55,66.82,50.61,58.25,66.61,50.23,58.32,66.69,50.28,0.3,-0.78,0.5,8021.852539,29.045
2013/9/30,4.24,4.47,3.94,58.47,66.69,50.58,93.54,4.33,4.58,4,4.14,4.46,3.73,4.17,4.44,3.81,58.66,66.85,50.79,58.38,66.73,50.36,58.28,66.63,50.25,0.28,0.85,0.64,8173.83252,29.041
2013/10/31,4.24,4.49,3.93,58.52,66.73,50.65,93.57,4.24,4.47,3.94,4.25,4.51,3.91,4.07,4.39,3.66,58.47,66.69,50.58,58.55,66.82,50.61,58.23,66.58,50.22,0.25,0.65,0.15,8450.019531,28.822
2013/11/30,4.16,4.46,3.77,58.57,66.83,50.64,93.63,4.24,4.49,3.93,4.33,4.58,4,4.06,4.42,3.6,58.52,66.73,50.65,58.66,66.85,50.79,58.25,66.61,50.23,0.23,0.67,0.2,8406.790039,28.605
2013/12/31,4.08,4.43,3.63,58.55,66.86,50.57,93.73,4.16,4.46,3.77,4.24,4.47,3.94,4.14,4.46,3.73,58.57,66.83,50.64,58.47,66.69,50.58,58.38,66.73,50.36,0.21,0.33,0.2,8611.469727,28.822
2014/1/31,4.02,4.41,3.52,58.52,66.8,50.58,93.79,4.08,4.43,3.63,4.24,4.49,3.93,4.25,4.51,3.91,58.55,66.86,50.57,58.52,66.73,50.65,58.55,66.82,50.61,0.19,0.82,1.03,8462.530273,29.162
2014/2/28,4.09,4.54,3.52,58.44,66.76,50.46,93.83,4.02,4.41,3.52,4.16,4.46,3.77,4.33,4.58,4,58.52,66.8,50.58,58.57,66.83,50.64,58.66,66.85,50.79,0.18,-0.04,-0.19,8639.540039,29.494
2014/3/31,4.03,4.36,3.6,58.42,66.66,50.52,93.93,4.09,4.54,3.52,4.08,4.43,3.63,4.24,4.47,3.94,58.44,66.76,50.46,58.55,66.86,50.57,58.47,66.69,50.58,0.17,1.61,0.96,8849.240234,29.51
2014/4/30,3.91,4.29,3.43,58.39,66.55,50.57,93.99,4.03,4.36,3.6,4.02,4.41,3.52,4.24,4.49,3.93,58.42,66.66,50.52,58.52,66.8,50.58,58.52,66.73,50.65,0.17,1.65,1.24,8791.400391,29.483
2014/5/31,3.85,4.21,3.4,58.39,66.62,50.5,94.03,3.91,4.29,3.43,4.09,4.54,3.52,4.16,4.46,3.77,58.39,66.55,50.57,58.44,66.76,50.46,58.57,66.83,50.64,0.17,1.62,1.46,9075.868164,29.475
2014/6/30,3.92,4.23,3.53,58.45,66.77,50.47,94.06,3.85,4.21,3.4,4.03,4.36,3.6,4.08,4.43,3.63,58.39,66.62,50.5,58.42,66.66,50.52,58.55,66.86,50.57,0.17,1.63,1.47,9393.02832,29.36
2014/7/31,4.02,4.28,3.68,58.63,66.87,50.73,94.1,3.92,4.23,3.53,3.91,4.29,3.43,4.02,4.41,3.52,58.45,66.77,50.47,58.39,66.55,50.57,58.52,66.8,50.58,0.17,1.75,1.56,9315.807617,29.356
2014/8/31,4.08,4.37,3.73,58.73,66.91,50.9,94.2,4.02,4.28,3.68,3.85,4.21,3.4,4.09,4.54,3.52,58.63,66.87,50.73,58.39,66.62,50.5,58.44,66.76,50.46,0.18,2.08,1.68,9436.227539,29.356
2014/9/30,3.96,4.29,3.56,58.57,66.83,50.66,94.27,4.08,4.37,3.73,3.92,4.23,3.53,4.03,4.36,3.6,58.73,66.91,50.9,58.45,66.77,50.47,58.42,66.66,50.52,0.2,0.71,1.55,8966.878906,29.364
2014/10/31,3.95,4.17,3.66,58.64,66.85,50.77,94.31,3.96,4.29,3.56,4.02,4.28,3.68,3.91,4.29,3.43,58.57,66.83,50.66,58.63,66.87,50.73,58.39,66.55,50.57,0.21,1.06,1.6,8974.71875,29.607
2014/11/30,3.89,4.11,3.62,58.66,66.89,50.76,94.37,3.95,4.17,3.66,4.08,4.37,3.73,3.85,4.21,3.4,58.64,66.85,50.77,58.73,66.91,50.9,58.39,66.62,50.5,0.21,0.85,1.4,9187.108398,29.709
2014/12/31,3.79,4,3.52,58.64,66.86,50.75,94.37,3.89,4.11,3.62,3.96,4.29,3.56,3.92,4.23,3.53,58.66,66.89,50.76,58.57,66.83,50.66,58.45,66.77,50.47,0.23,0.61,1.36,9307.217773,30.171
2015/1/31,3.71,3.94,3.42,58.6,66.83,50.71,94.5,3.79,4,3.52,3.95,4.17,3.66,4.02,4.28,3.68,58.64,66.86,50.75,58.64,66.85,50.77,58.63,66.87,50.73,0.24,-0.93,0.64,9361.868164,30.888
2015/2/28,3.69,3.95,3.36,58.56,66.83,50.63,94.66,3.71,3.94,3.42,3.89,4.11,3.62,4.08,4.37,3.73,58.6,66.83,50.71,58.66,66.89,50.76,58.73,66.91,50.9,0.26,-0.2,1.79,9622.055664,30.77
2015/3/31,3.72,3.98,3.38,58.55,66.8,50.65,94.68,3.69,3.95,3.36,3.79,4,3.52,3.96,4.29,3.56,58.56,66.83,50.63,58.64,66.86,50.75,58.57,66.83,50.66,0.27,-0.62,0.96,9586.396484,30.782
2015/4/30,3.63,3.94,3.24,58.51,66.74,50.62,94.76,3.72,3.98,3.38,3.71,3.94,3.42,3.95,4.17,3.66,58.55,66.8,50.65,58.6,66.83,50.71,58.64,66.85,50.77,0.27,-0.82,0.67,9820.004883,30.512
2015/5/31,3.62,3.96,3.2,58.52,66.84,50.54,94.8,3.63,3.94,3.24,3.69,3.95,3.36,3.89,4.11,3.62,58.51,66.74,50.62,58.56,66.83,50.63,58.66,66.89,50.76,0.27,-0.73,0.6,9701.025391,29.931
2015/6/30,3.71,4.06,3.27,58.57,66.91,50.57,94.89,3.62,3.96,3.2,3.72,3.98,3.38,3.79,4,3.52,58.52,66.84,50.54,58.55,66.8,50.65,58.64,66.86,50.75,0.27,-0.56,0.57,9322.977539,30.047
2015/7/31,3.82,4.09,3.47,58.74,67.01,50.82,94.99,3.71,4.06,3.27,3.63,3.94,3.24,3.71,3.94,3.42,58.57,66.91,50.57,58.51,66.74,50.62,58.6,66.83,50.71,0.25,-0.63,0.68,8665.299805,30.16
2015/8/31,3.9,4.14,3.6,58.85,67.05,51,95.06,3.82,4.09,3.47,3.62,3.96,3.2,3.69,3.95,3.36,58.74,67.01,50.82,58.52,66.84,50.54,58.56,66.83,50.63,0.23,-0.45,0.63,8174.882324,31.008
2015/9/30,3.89,4.13,3.59,58.72,66.94,50.84,95.16,3.9,4.14,3.6,3.71,4.06,3.27,3.72,3.98,3.38,58.85,67.05,51,58.57,66.91,50.57,58.55,66.8,50.65,0.22,0.29,0.6,8181.202637,31.377
2015/10/31,3.9,4.12,3.61,58.73,66.97,50.84,95.17,3.89,4.13,3.59,3.82,4.09,3.47,3.63,3.94,3.24,58.72,66.94,50.84,58.74,67.01,50.82,58.51,66.74,50.62,0.21,0.3,0.7,8554.269531,31.504
2015/11/30,3.91,4.14,3.62,58.74,66.98,50.86,95.26,3.9,4.12,3.61,3.9,4.14,3.6,3.62,3.96,3.2,58.73,66.97,50.84,58.85,67.05,51,58.52,66.84,50.54,0.22,0.54,0.86,8320.570313,31.633
2015/12/31,3.87,4.12,3.56,58.72,66.99,50.81,95.28,3.91,4.14,3.62,3.89,4.13,3.59,3.71,4.06,3.27,58.74,66.98,50.86,58.72,66.94,50.84,58.57,66.91,50.57,0.21,0.13,0.78,8338.019531,31.762
2016/1/31,3.87,4.11,3.58,58.7,66.96,50.79,95.35,3.87,4.12,3.56,3.9,4.12,3.61,3.82,4.09,3.47,58.72,66.99,50.81,58.73,66.97,50.84,58.74,67.01,50.82,0.21,0.8,0.66,8080.5625,32.408
2016/2/29,3.95,4.2,3.64,58.66,66.94,50.75,95.4,3.87,4.11,3.58,3.91,4.14,3.62,3.9,4.14,3.6,58.7,66.96,50.79,58.74,66.98,50.86,58.85,67.05,51,0.2,2.41,0.83,8411.120117,32.286
2016/3/31,3.89,4.17,3.54,58.64,66.97,50.68,95.44,3.95,4.2,3.64,3.87,4.12,3.56,3.89,4.13,3.59,58.66,66.94,50.75,58.72,66.99,50.81,58.72,66.94,50.84,0.19,2.01,0.78,8744.802734,31.807
2016/4/30,3.86,4.14,3.5,58.63,66.95,50.68,95.48,3.89,4.17,3.54,3.87,4.11,3.58,3.9,4.12,3.61,58.64,66.97,50.68,58.7,66.96,50.79,58.73,66.97,50.84,0.18,1.88,0.9,8377.873047,31.528
2016/5/31,3.84,4.12,3.48,58.63,66.96,50.66,95.55,3.86,4.14,3.5,3.95,4.2,3.64,3.91,4.14,3.62,58.63,66.95,50.68,58.66,66.94,50.75,58.74,66.98,50.86,0.18,1.23,0.91,8535.5625,31.686
2016/6/30,3.92,4.21,3.56,58.68,67.02,50.71,95.66,3.84,4.12,3.48,3.89,4.17,3.54,3.87,4.12,3.56,58.63,66.96,50.66,58.64,66.97,50.68,58.72,66.99,50.81,0.18,0.9,0.81,8666.552734,31.811
2016/7/31,4.02,4.27,3.69,58.84,67.14,50.91,95.73,3.92,4.21,3.56,3.86,4.14,3.5,3.87,4.11,3.58,58.68,67.02,50.71,58.63,66.95,50.68,58.7,66.96,50.79,0.2,1.24,0.8,8984.388672,31.533
2016/8/31,4.08,4.31,3.78,58.93,67.19,51.05,95.83,4.02,4.27,3.69,3.84,4.12,3.48,3.95,4.2,3.64,58.84,67.14,50.91,58.63,66.96,50.66,58.66,66.94,50.75,0.21,0.57,0.77,9068.828125,30.904
2016/9/30,3.99,4.27,3.64,58.79,67.11,50.84,95.9,4.08,4.31,3.78,3.92,4.21,3.56,3.89,4.17,3.54,58.93,67.19,51.05,58.68,67.02,50.71,58.64,66.97,50.68,0.21,0.33,0.96,9166.829102,30.66
2016/10/31,3.95,4.25,3.56,58.81,67.13,50.87,95.97,3.99,4.27,3.64,4.02,4.27,3.69,3.86,4.14,3.5,58.79,67.11,50.84,58.84,67.14,50.91,58.63,66.95,50.68,0.2,1.7,0.95,9290.099609,30.786
2016/11/30,3.87,4.16,3.5,58.82,67.15,50.88,96.03,3.95,4.25,3.56,4.08,4.31,3.78,3.84,4.12,3.48,58.81,67.13,50.87,58.93,67.19,51.05,58.63,66.96,50.66,0.2,1.97,0.83,9240.689453,30.904
2016/12/31,3.79,4.08,3.43,58.8,67.14,50.83,96.12,3.87,4.16,3.5,3.99,4.27,3.64,3.92,4.21,3.56,58.82,67.15,50.88,58.79,67.11,50.84,58.68,67.02,50.71,0.2,1.69,0.81,9253.485352,30.916
2017/1/31,3.78,4.05,3.44,58.79,67.1,50.87,96.2,3.79,4.08,3.43,3.95,4.25,3.56,4.02,4.27,3.69,58.8,67.14,50.83,58.81,67.13,50.87,58.84,67.14,50.91,0.19,2.24,1.64,9447.943359,31.028
2017/2/28,3.85,4.15,3.48,58.75,67.06,50.83,96.29,3.78,4.05,3.44,3.87,4.16,3.5,4.08,4.31,3.78,58.79,67.1,50.87,58.82,67.15,50.88,58.93,67.19,51.05,0.19,-0.06,0.16,9750.462891,30.195
2017/3/31,3.78,4.06,3.44,58.73,67.04,50.8,96.39,3.85,4.15,3.48,3.79,4.08,3.43,3.99,4.27,3.64,58.75,67.06,50.83,58.8,67.14,50.83,58.79,67.11,50.84,0.2,0.18,0.96,9811.512695,29.988
2017/4/30,3.67,3.97,3.31,58.7,67.02,50.76,96.43,3.78,4.06,3.44,3.78,4.05,3.44,3.95,4.25,3.56,58.73,67.04,50.8,58.79,67.1,50.87,58.81,67.13,50.87,0.2,0.09,1,9871.993164,29.676
2017/5/31,3.66,3.94,3.32,58.7,67.02,50.76,96.47,3.67,3.97,3.31,3.85,4.15,3.48,3.87,4.16,3.5,58.7,67.02,50.76,58.75,67.06,50.83,58.82,67.15,50.88,0.19,0.6,1.11,10040.71289,29.389
2017/6/30,3.74,3.99,3.41,58.75,67.08,50.81,96.55,3.66,3.94,3.32,3.78,4.06,3.44,3.79,4.08,3.43,58.7,67.02,50.76,58.73,67.04,50.8,58.8,67.14,50.83,0.18,1,0.97,10395.07031,29.542
2017/7/31,3.84,4.07,3.55,58.91,67.21,51.01,96.59,3.74,3.99,3.41,3.67,3.97,3.31,3.78,4.05,3.44,58.75,67.08,50.81,58.7,67.02,50.76,58.79,67.1,50.87,0.17,0.77,0.91,10427.33008,29.692
2017/8/31,3.89,4.1,3.63,59.01,67.26,51.15,96.71,3.84,4.07,3.55,3.66,3.94,3.32,3.85,4.15,3.48,58.91,67.21,51.01,58.7,67.02,50.76,58.75,67.06,50.83,0.16,0.96,0.96,10585.78027,29.741
2017/9/30,3.77,3.97,3.51,58.86,67.13,50.99,96.78,3.89,4.1,3.63,3.74,3.99,3.41,3.78,4.06,3.44,59.01,67.26,51.15,58.75,67.08,50.81,58.73,67.04,50.8,0.15,0.49,0.8,10329.94043,29.491
2017/10/31,3.75,3.97,3.47,58.91,67.2,51.01,96.84,3.77,3.97,3.51,3.84,4.07,3.55,3.67,3.97,3.31,58.86,67.13,50.99,58.91,67.21,51.01,58.7,67.02,50.76,0.15,-0.33,1.12,10793.7998,29.568
2017/11/30,3.71,3.92,3.45,58.94,67.22,51.06,96.88,3.75,3.97,3.47,3.89,4.1,3.63,3.66,3.94,3.32,58.91,67.2,51.01,59.01,67.26,51.15,58.7,67.02,50.76,0.14,0.34,1.28,10560.44043,29.457
2017/12/31,3.66,3.87,3.39,58.92,67.21,51.03,96.92,3.71,3.92,3.45,3.77,3.97,3.51,3.74,3.99,3.41,58.94,67.22,51.06,58.86,67.13,50.99,58.75,67.08,50.81,0.13,1.22,1.58,10642.86035,29.27
2018/1/31,3.63,3.84,3.37,58.91,67.2,51.02,96.98,3.66,3.87,3.39,3.75,3.97,3.47,3.84,4.07,3.55,58.92,67.21,51.03,58.91,67.2,51.01,58.91,67.21,51.01,0.12,0.89,0.82,11103.79004,28.754
2018/2/28,3.7,3.89,3.46,58.88,67.18,50.97,97.03,3.63,3.84,3.37,3.71,3.92,3.45,3.89,4.1,3.63,58.91,67.2,51.02,58.94,67.22,51.06,59.01,67.26,51.15,0.11,2.2,2.39,10815.46973,28.551
2018/3/31,3.66,3.87,3.39,58.87,67.18,50.96,97.11,3.7,3.89,3.46,3.66,3.87,3.39,3.77,3.97,3.51,58.88,67.18,50.97,58.92,67.21,51.03,58.86,67.13,50.99,0.1,1.59,1.55,10906.21973,28.934
2018/4/30,3.64,3.85,3.37,58.86,67.14,50.97,97.15,3.66,3.87,3.39,3.63,3.84,3.37,3.75,3.97,3.47,58.87,67.18,50.96,58.91,67.2,51.02,58.91,67.2,51.01,0.1,2.01,1.33,10657.87988,29.178
2018/5/31,3.63,3.84,3.37,58.86,67.14,50.98,97.34,3.64,3.85,3.37,3.7,3.89,3.46,3.71,3.92,3.45,58.86,67.14,50.97,58.88,67.18,50.97,58.94,67.22,51.06,0.09,1.75,1.08,10874.95996,29.511
2018/6/30,3.7,3.89,3.46,58.92,67.2,51.04,97.43,3.63,3.84,3.37,3.66,3.87,3.39,3.66,3.87,3.39,58.86,67.14,50.98,58.87,67.18,50.96,58.92,67.21,51.03,0.08,1.4,1.41,10836.91016,29.727
2018/7/31,3.81,3.98,3.59,59.09,67.33,51.25,97.51,3.7,3.89,3.46,3.64,3.85,3.37,3.63,3.84,3.37,58.92,67.2,51.04,58.86,67.14,50.97,58.91,67.2,51.02,0.08,1.75,1.51,11057.50977,30.422
2018/8/31,3.87,4.01,3.69,59.19,67.39,51.38,97.61,3.81,3.98,3.59,3.63,3.84,3.37,3.7,3.89,3.46,59.09,67.33,51.25,58.86,67.14,50.98,58.88,67.18,50.97,0.08,1.54,1.37,11063.94043,30.309
2018/9/30,3.76,3.9,3.58,59.05,67.25,51.25,97.65,3.87,4.01,3.69,3.7,3.89,3.46,3.66,3.87,3.39,59.19,67.39,51.38,58.92,67.2,51.04,58.87,67.18,50.96,0.08,1.72,1.21,11006.33984,30.388
2018/10/31,3.75,3.9,3.56,59.08,67.29,51.27,97.7,3.76,3.9,3.58,3.81,3.98,3.59,3.64,3.85,3.37,59.05,67.25,51.25,59.09,67.33,51.25,58.86,67.14,50.97,0.07,1.16,0.71,9802.129883,30.621
2018/11/30,3.7,3.85,3.51,59.11,67.29,51.32,97.72,3.75,3.9,3.56,3.87,4.01,3.69,3.63,3.84,3.37,59.08,67.29,51.27,59.19,67.39,51.38,58.86,67.14,50.98,0.07,0.29,0.66,9888.030273,30.59
2018/12/31,3.66,3.81,3.47,59.09,67.28,51.29,97.76,3.7,3.85,3.51,3.76,3.9,3.58,3.7,3.89,3.46,59.11,67.29,51.32,59.05,67.25,51.25,58.92,67.2,51.04,0.07,-0.06,0.5,9727.410156,30.551
2019/1/31,3.64,3.79,3.45,59.09,67.3,51.28,97.89,3.66,3.81,3.47,3.75,3.9,3.56,3.81,3.98,3.59,59.09,67.28,51.29,59.08,67.29,51.27,59.09,67.33,51.25,0.07,0.18,0.51,9932.259766,30.399
2019/2/28,3.72,3.89,3.51,59.07,67.26,51.27,97.96,3.64,3.79,3.45,3.7,3.85,3.51,3.87,4.01,3.69,59.09,67.3,51.28,59.11,67.29,51.32,59.19,67.39,51.38,0.07,0.21,0.29,10389.16992,30.422
2019/3/31,3.68,3.86,3.45,59.06,67.25,51.27,98.04,3.72,3.89,3.51,3.66,3.81,3.47,3.76,3.9,3.58,59.07,67.26,51.27,59.09,67.28,51.29,59.05,67.25,51.25,0.07,0.56,0.45,10641.04004,30.426
2019/4/30,3.67,3.86,3.43,59.06,67.26,51.27,98.1,3.68,3.86,3.45,3.64,3.79,3.45,3.75,3.9,3.56,59.06,67.25,51.27,59.09,67.3,51.28,59.08,67.29,51.27,0.07,0.66,0.58,10967.73047,30.525
2019/5/31,3.67,3.85,3.44,59.07,67.26,51.27,98.21,3.67,3.86,3.43,3.72,3.89,3.51,3.7,3.85,3.51,59.06,67.26,51.27,59.07,67.26,51.27,59.11,67.29,51.32,0.07,0.93,0.61,10498.49023,30.78
2019/6/30,3.73,3.87,3.55,59.12,67.3,51.32,98.26,3.67,3.85,3.44,3.68,3.86,3.45,3.66,3.81,3.47,59.07,67.26,51.27,59.06,67.25,51.27,59.09,67.28,51.29,0.07,0.85,0.47,10730.83008,30.811
2019/7/31,3.82,3.9,3.71,59.28,67.41,51.54,98.34,3.73,3.87,3.55,3.67,3.86,3.43,3.64,3.79,3.45,59.12,67.3,51.32,59.06,67.26,51.27,59.09,67.3,51.28,0.06,0.39,0.33,10823.80957,30.512
2019/8/31,3.89,3.94,3.81,59.38,67.51,51.64,98.42,3.82,3.9,3.71,3.67,3.85,3.44,3.72,3.89,3.51,59.28,67.41,51.54,59.07,67.26,51.27,59.07,67.26,51.27,0.06,0.43,0.39,10618.0498,31.115
2019/9/30,3.8,3.84,3.75,59.22,67.39,51.44,98.49,3.89,3.94,3.81,3.73,3.87,3.55,3.68,3.86,3.45,59.38,67.51,51.64,59.12,67.3,51.32,59.06,67.25,51.27,0.06,0.42,0.5,10829.67969,30.494
2019/10/31,3.77,3.84,3.68,59.24,67.4,51.46,98.52,3.8,3.84,3.75,3.82,3.9,3.71,3.67,3.86,3.43,59.22,67.39,51.44,59.28,67.41,51.54,59.06,67.26,51.27,0.06,0.37,0.63,11358.70996,30.399
2019/11/30,3.73,3.81,3.64,59.25,67.38,51.5,98.58,3.77,3.84,3.68,3.89,3.94,3.81,3.67,3.85,3.44,59.24,67.4,51.46,59.38,67.51,51.64,59.07,67.26,51.27,0.06,0.58,0.53,11489.57031,30.349
2019/12/31,3.67,3.72,3.6,59.22,67.34,51.47,98.75,3.73,3.81,3.64,3.8,3.84,3.75,3.73,3.87,3.55,59.25,67.38,51.5,59.22,67.39,51.44,59.12,67.3,51.32,0.06,1.15,0.56,11997.13965,30.26
2020/1/31,3.64,3.69,3.58,59.21,67.36,51.44,98.9,3.67,3.72,3.6,3.77,3.84,3.68,3.82,3.9,3.71,59.22,67.34,51.47,59.24,67.4,51.46,59.28,67.41,51.54,0.06,1.86,1.34,11495.09961,30.132
2020/2/29,3.7,3.78,3.6,59.16,67.3,51.4,98.96,3.64,3.69,3.58,3.73,3.81,3.64,3.89,3.94,3.81,59.21,67.36,51.44,59.25,67.38,51.5,59.38,67.51,51.64,0.05,-0.2,-0.36,11292.16992,30.023
2020/3/31,3.72,3.83,3.58,59.11,67.27,51.34,99.03,3.7,3.78,3.6,3.67,3.72,3.6,3.8,3.84,3.75,59.16,67.3,51.4,59.22,67.34,51.47,59.22,67.39,51.44,0.04,-0.02,0.33,9708.05957,29.981
2020/4/30,4.03,4.12,3.91,59.06,67.18,51.33,99.03,3.72,3.83,3.58,3.64,3.69,3.58,3.77,3.84,3.68,59.11,67.27,51.34,59.21,67.36,51.44,59.24,67.4,51.46,0.02,-0.97,0.04,10992.13965,29.931
2020/5/31,4.07,4.14,3.98,59.06,67.17,51.34,99.06,4.03,4.12,3.91,3.7,3.78,3.6,3.73,3.81,3.64,59.06,67.18,51.33,59.16,67.3,51.4,59.25,67.38,51.5,0,-1.21,0.06,10942.16016,29.934
2020/6/30,3.96,4,3.91,59.07,67.19,51.33,99.12,4.07,4.14,3.98,3.72,3.83,3.58,3.67,3.72,3.6,59.06,67.17,51.34,59.11,67.27,51.34,59.22,67.34,51.47,-0.02,-0.74,0.14,11621.24023,29.815
2020/7/31,4,4.02,3.98,59.2,67.33,51.44,99.2,3.96,4,3.91,4.03,4.12,3.91,3.64,3.69,3.58,59.07,67.19,51.33,59.06,67.18,51.33,59.21,67.36,51.44,-0.05,-0.51,0.15,12664.7998,29.592
2020/8/31,3.99,4,3.97,59.23,67.34,51.51,99.25,4,4.02,3.98,4.07,4.14,3.98,3.7,3.78,3.6,59.2,67.33,51.44,59.06,67.17,51.34,59.16,67.3,51.4,-0.07,-0.33,0.33,12591.4502,29.588
2020/9/30,3.83,3.89,3.75,59.12,67.2,51.41,99.32,3.99,4,3.97,3.96,4,3.91,3.72,3.83,3.58,59.23,67.34,51.51,59.07,67.19,51.33,59.11,67.27,51.34,-0.1,-0.58,0.24,12515.61035,29.584
2020/10/31,3.8,3.86,3.73,59.13,67.2,51.44,99.38,3.83,3.89,3.75,4,4.02,3.98,4.03,4.12,3.91,59.12,67.2,51.41,59.2,67.33,51.44,59.06,67.18,51.33,-0.12,-0.26,0.51,12546.33984,29.475
2020/11/30,3.75,3.87,3.6,59.15,67.21,51.48,99.41,3.8,3.86,3.73,3.99,4,3.97,4.07,4.14,3.98,59.13,67.2,51.44,59.23,67.34,51.51,59.06,67.17,51.34,-0.14,0.09,0.77,13722.88965,29.26
2020/12/31,3.68,3.8,3.53,59.14,67.21,51.46,99.5,3.75,3.87,3.6,3.83,3.89,3.75,3.96,4,3.91,59.15,67.21,51.48,59.12,67.2,51.41,59.07,67.19,51.33,-0.17,0.04,0.67,14732.53027,29.257
2021/1/31,3.66,3.76,3.54,59.14,67.2,51.46,99.62,3.68,3.8,3.53,3.8,3.86,3.73,4,4.02,3.98,59.14,67.21,51.46,59.13,67.2,51.44,59.2,67.33,51.44,-0.21,-0.19,0.03,15138.30957,29.041
2021/2/28,3.7,3.81,3.57,59.11,67.16,51.44,99.76,3.66,3.76,3.54,3.75,3.87,3.6,3.99,4,3.97,59.14,67.2,51.46,59.15,67.21,51.48,59.23,67.34,51.51,-0.25,1.38,1.64,15953.7998,28.613
2021/3/31,3.67,3.77,3.55,59.14,67.15,51.51,99.91,3.7,3.81,3.57,3.68,3.8,3.53,3.83,3.89,3.75,59.11,67.16,51.44,59.14,67.21,51.46,59.12,67.2,51.41,-0.28,1.22,1.04,16431.13086,28.87
2021/4/30,3.64,3.73,3.53,59.15,67.1,51.57,99.94,3.67,3.77,3.55,3.66,3.76,3.54,3.8,3.86,3.73,59.14,67.15,51.51,59.14,67.2,51.46,59.13,67.2,51.44,-0.32,2.11,1.37,17566.66016,29.321
2021/5/31,4.11,4.18,4.03,58.82,66.57,51.44,99.86,3.64,3.73,3.53,3.7,3.81,3.57,3.75,3.87,3.6,59.15,67.1,51.57,59.11,67.16,51.44,59.15,67.21,51.48,-0.36,2.45,1.54,17068.42969,29.306
2021/6/30,4.8,4.78,4.83,58.76,66.56,51.34,99.8,4.11,4.18,4.03,3.67,3.77,3.55,3.68,3.8,3.53,58.82,66.57,51.44,59.14,67.15,51.51,59.14,67.21,51.46,-0.4,1.83,1.29,17755.46094,28.642
2021/7/31,4.53,4.4,4.69,58.95,66.8,51.47,99.8,4.8,4.78,4.83,3.64,3.73,3.53,3.66,3.76,3.54,58.76,66.56,51.34,59.15,67.1,51.57,59.14,67.2,51.46,-0.44,1.91,1.24,17247.41016,28.465
2021/8/31,4.24,4.19,4.31,58.98,66.81,51.53,100.01,4.53,4.4,4.69,4.11,4.18,4.03,3.7,3.81,3.57,58.95,66.8,51.47,58.82,66.57,51.44,59.11,67.16,51.44,-0.49,2.34,1.31,17490.28906,28.412
2021/9/30,3.96,3.95,3.97,58.93,66.76,51.47,100.1,4.24,4.19,4.31,4.8,4.78,4.83,3.67,3.77,3.55,58.98,66.81,51.53,58.76,66.56,51.34,59.14,67.15,51.51,-0.56,2.6,1.71,16934.76953,27.789
2021/10/31,3.83,3.78,3.9,59.02,66.87,51.54,100.27,3.96,3.95,3.97,4.53,4.4,4.69,3.64,3.73,3.53,58.93,66.76,51.47,58.95,66.8,51.47,59.15,67.1,51.57,-0.62,2.55,1.41,16987.41016,27.786
2021/11/30,3.66,3.74,3.56,59.11,67.04,51.56,100.43,3.83,3.78,3.9,4.24,4.19,4.31,4.11,4.18,4.03,59.02,66.87,51.54,58.98,66.81,51.53,58.82,66.57,51.44,-0.69,2.84,1.5,17427.75977,27.825
2021/12/31,3.64,3.7,3.56,59.16,67.15,51.54,100.5,3.66,3.74,3.56,3.96,3.95,3.97,4.8,4.78,4.83,59.11,67.04,51.56,58.93,66.76,51.47,58.76,66.56,51.34,-0.76,2.63,1.85,18218.83984,27.854
2022/1/31,3.61,3.67,3.55,59.17,67.19,51.53,100.59,3.64,3.7,3.56,3.83,3.78,3.9,4.53,4.4,4.69,59.16,67.15,51.54,59.02,66.87,51.54,58.95,66.8,51.47,-0.83,2.83,2.42,17674.40039,27.932
2022/2/28,3.65,3.75,3.53,59.17,67.18,51.54,100.74,3.61,3.67,3.55,3.66,3.74,3.56,4.24,4.19,4.31,59.17,67.19,51.53,59.11,67.04,51.56,58.98,66.81,51.53,-0.9,2.33,1.64,17652.17969,28.061
2022/3/31,3.66,3.68,3.64,59.19,67.18,51.58,100.91,3.65,3.75,3.53,3.64,3.7,3.56,3.96,3.95,3.97,59.17,67.18,51.54,59.16,67.15,51.54,58.93,66.76,51.47,-1.02,3.27,2.47,17693.4707,28.144
2022/4/30,3.62,3.62,3.63,59.16,67.14,51.57,101.16,3.66,3.68,3.64,3.61,3.67,3.55,3.83,3.78,3.9,59.19,67.18,51.58,59.17,67.19,51.53,59.02,66.87,51.54,-1.19,3.37,2.53,16592.17969,29.048
2022/5/31,3.68,3.69,3.66,59.05,66.97,51.51,101.39,3.62,3.62,3.63,3.65,3.75,3.53,3.66,3.74,3.56,59.16,67.14,51.57,59.17,67.18,51.54,59.11,67.04,51.56,-1.29,3.39,2.61,16807.76953,29.623
2022/6/30,3.74,3.78,3.7,59.12,67.1,51.54,101.65,3.68,3.69,3.66,3.66,3.68,3.64,3.64,3.7,3.56,59.05,66.97,51.51,59.19,67.18,51.58,59.16,67.15,51.54,-1.3,3.59,2.77,14825.73047,29.619
2022/7/31,3.78,3.8,3.77,59.28,67.32,51.64,101.86,3.74,3.78,3.7,3.62,3.62,3.63,3.61,3.67,3.55,59.12,67.1,51.54,59.16,67.14,51.57,59.17,67.19,51.53,-1.25,3.35,2.73,15000.07031,29.848
2022/8/31,3.79,3.78,3.8,59.29,67.29,51.69,102.11,3.78,3.8,3.77,3.68,3.69,3.66,3.65,3.75,3.53,59.28,67.32,51.64,59.05,66.97,51.51,59.17,67.18,51.54,-1.16,2.68,2.74,15095.44043,30.065
2022/9/30,3.66,3.68,3.64,59.17,67.09,51.64,102.2,3.79,3.78,3.8,3.74,3.78,3.7,3.66,3.68,3.64,59.29,67.29,51.69,59.12,67.1,51.54,59.19,67.18,51.58,-1.05,2.76,2.8,13424.58008,31.028
2022/10/31,3.64,3.62,3.67,59.18,67.05,51.71,102.31,3.66,3.68,3.64,3.78,3.8,3.77,3.62,3.62,3.63,59.17,67.09,51.64,59.28,67.32,51.64,59.16,67.14,51.57,-0.94,2.74,2.97,12949.75,31.915
2022/11/30,3.61,3.58,3.65,59.2,67.1,51.71,102.53,3.64,3.62,3.67,3.79,3.78,3.8,3.68,3.69,3.66,59.18,67.05,51.71,59.29,67.29,51.69,59.05,66.97,51.51,-0.78,2.35,2.86,14879.5498,31.324
2022/12/31,3.52,3.56,3.48,59.17,67.09,51.66,102.73,3.61,3.58,3.65,3.66,3.68,3.64,3.74,3.78,3.7,59.2,67.1,51.71,59.17,67.09,51.64,59.12,67.1,51.54,-0.59,2.71,2.72,14137.69043,30.422
2023/1/31,3.5,3.53,3.47,59.17,67.05,51.7,102.99,3.52,3.56,3.48,3.64,3.62,3.67,3.78,3.8,3.77,59.17,67.09,51.66,59.18,67.05,51.71,59.28,67.32,51.64,-0.34,3.05,2.98,15265.2002,30.193
2023/2/28,3.53,3.55,3.51,59.18,67.06,51.73,103.09,3.5,3.53,3.47,3.61,3.58,3.65,3.79,3.78,3.8,59.17,67.05,51.7,59.2,67.1,51.71,59.29,67.29,51.69,-0.12,2.42,2.53,15503.79004,29.954
2023/3/31,3.56,3.58,3.54,59.2,67.06,51.77,103.25,3.53,3.55,3.51,3.52,3.56,3.48,3.66,3.68,3.64,59.18,67.06,51.73,59.17,67.09,51.66,59.17,67.09,51.64,0.12,2.35,2.55,15868.05957,30.192
2023/4/30,3.5,3.56,3.43,59.18,67.03,51.76,103.38,3.56,3.58,3.54,3.5,3.53,3.47,3.64,3.62,3.67,59.2,67.06,51.77,59.17,67.05,51.7,59.18,67.05,51.71,0.42,2.35,2.72,15579.17969,29.852
2023/5/31,3.46,3.49,3.42,59.13,66.94,51.74,103.53,3.5,3.56,3.43,3.53,3.55,3.51,3.61,3.58,3.65,59.18,67.03,51.76,59.18,67.06,51.73,59.2,67.1,51.71,0.63,2.02,2.57,16578.96094,29.798
2023/6/30,3.49,3.52,3.46,59.17,66.98,51.79,103.66,3.46,3.49,3.42,3.56,3.58,3.54,3.52,3.56,3.48,59.13,66.94,51.74,59.2,67.06,51.77,59.17,67.09,51.66,0.75,1.75,2.61,16915.53906,30.011
2023/7/31,3.56,3.55,3.57,59.31,67.13,51.93,103.89,3.49,3.52,3.46,3.5,3.56,3.43,3.5,3.53,3.47,59.17,66.98,51.79,59.18,67.03,51.76,59.17,67.05,51.7,0.83,1.88,2.74,17145.42969,30.302
2023/8/31,3.56,3.53,3.59,59.3,67.14,51.91,104.16,3.56,3.55,3.57,3.46,3.49,3.42,3.53,3.55,3.51,59.31,67.13,51.93,59.13,66.94,51.74,59.18,67.06,51.73,0.87,2.53,2.57,16634.50977,30.933
2023/9/30,3.48,3.42,3.55,59.21,67.04,51.82,104.36,3.56,3.53,3.59,3.49,3.52,3.46,3.56,3.58,3.54,59.3,67.14,51.91,59.17,66.98,51.79,59.2,67.06,51.77,0.88,2.93,2.48,16353.74023,31.067
2023/10/31,3.43,3.45,3.4,59.24,67.06,51.87,104.56,3.48,3.42,3.55,3.56,3.55,3.57,3.5,3.56,3.43,59.21,67.04,51.82,59.31,67.13,51.93,59.18,67.03,51.76,0.87,3.04,2.48,16001.26953,31.556
2023/11/30,3.34,3.35,3.33,59.26,67.07,51.9,104.7,3.43,3.45,3.4,3.56,3.53,3.59,3.46,3.49,3.42,59.24,67.06,51.87,59.3,67.14,51.91,59.13,66.94,51.74,0.81,2.9,2.38,17433.84961,31.228
2023/12/31,3.33,3.32,3.34,59.26,67.05,51.93,104.9,3.34,3.35,3.33,3.48,3.42,3.55,3.49,3.52,3.46,59.26,67.07,51.9,59.21,67.04,51.82,59.17,66.98,51.79,0.72,2.7,2.42,17930.81055,30.508
2024/1/31,3.31,3.3,3.33,59.25,67.03,51.92,105.19,3.33,3.32,3.34,3.43,3.45,3.4,3.56,3.55,3.57,59.26,67.05,51.93,59.24,67.06,51.87,59.31,67.13,51.93,0.58,1.8,1.65,17889.56055,30.42
2024/2/29,3.39,3.4,3.37,59.21,67.01,51.86,105.37,3.31,3.3,3.33,3.34,3.35,3.33,3.56,3.53,3.59,59.25,67.03,51.92,59.26,67.07,51.9,59.3,67.14,51.91,0.47,3.08,2.89,18966.76953,30.678
2024/3/31,3.38,3.37,3.39,59.24,67.03,51.9,105.57,3.39,3.4,3.37,3.33,3.32,3.34,3.48,3.42,3.55,59.21,67.01,51.86,59.26,67.05,51.93,59.21,67.04,51.82,0.4,2.15,2.14,20294.44922,30.803
2024/4/30,3.36,3.35,3.37,59.21,66.99,51.89,105.82,3.38,3.37,3.39,3.31,3.3,3.33,3.43,3.45,3.4,59.24,67.03,51.9,59.25,67.03,51.92,59.24,67.06,51.87,0.32,1.94,1.81,20396.59961,31.454
2024/5/31,3.34,3.32,3.35,59.2,66.98,51.87,106.19,3.36,3.35,3.37,3.39,3.4,3.37,3.34,3.35,3.33,59.21,66.99,51.89,59.21,67.01,51.86,59.26,67.07,51.9,0.25,2.23,1.83,21174.2207,31.628
2024/6/30,3.39,3.36,3.41,59.25,67.04,51.92,106.34,3.34,3.32,3.35,3.38,3.37,3.39,3.33,3.32,3.34,59.2,66.98,51.87,59.24,67.03,51.9,59.26,67.05,51.93,0.19,2.42,1.83,23032.25,31.623
2024/7/31,3.45,3.42,3.48,59.4,67.17,52.09,106.5,3.39,3.36,3.41,3.36,3.35,3.37,3.31,3.3,3.33,59.25,67.04,51.92,59.21,66.99,51.89,59.25,67.03,51.92,0.12,2.53,1.85,22199.34961,31.619
2024/8/31,3.48,3.44,3.53,59.42,67.2,52.1,106.71,3.45,3.42,3.48,3.34,3.32,3.35,3.39,3.4,3.37,59.4,67.17,52.09,59.2,66.98,51.87,59.21,67.01,51.86,0.05,2.35,1.79,22268.08984,31.567
2024/9/30,3.43,3.38,3.49,59.33,67.09,52.03,106.98,3.48,3.44,3.53,3.39,3.36,3.41,3.38,3.37,3.39,59.42,67.2,52.1,59.25,67.04,51.92,59.24,67.03,51.9,0.01,1.82,1.78,22224.53906,31.168
2024/10/31,3.4,3.37,3.44,59.32,67.11,52,107.21,3.43,3.38,3.49,3.45,3.42,3.48,3.36,3.35,3.37,59.33,67.09,52.03,59.4,67.17,52.09,59.21,66.99,51.89,-0.02,1.69,1.64,22820.42969,31.335
2024/11/30,3.36,3.35,3.36,59.29,67.12,51.93,107.5,3.4,3.37,3.44,3.48,3.44,3.53,3.34,3.32,3.35,59.32,67.11,52,59.42,67.2,52.1,59.2,66.98,51.87,-0.04,2.08,1.73,22262.5,31.375
2024/12/31,3.32,3.34,3.3,59.3,67.14,51.93,107.66,3.36,3.35,3.36,3.43,3.38,3.49,3.39,3.36,3.41,59.29,67.12,51.93,59.33,67.09,52.03,59.25,67.04,51.92,-0.07,2.1,1.65,23035.09961,31.478
